location_name,horizon,quantile_0.025_per100k,quantile_0.5_per100k,quantile_0.975_per100k,quantile_0.025,quantile_0.5,quantile_0.975,quantile_0.025_per100k_rounded,quantile_0.5_per100k_rounded,quantile_0.975_per100k_rounded,quantile_0.025_rounded,quantile_0.5_rounded,quantile_0.975_rounded,target,target_data_type,target_end_date,reference_date,forecast_due_date,target_end_date_formatted,forecast_due_date_formatted,reference_date_formatted,model
United States,0,0.10303288434050047,0.13748700897533167,0.20128817000309995,343.975,459,672,0.1,0.14,0.2,340,460,670,wk inc rsv hosp,hosp,2026-09-26,2026-09-26,2026-09-23,"September 26, 2026","September 23, 2026","September 26, 2026",RSVHub-ensemble
United States,1,0.10063659660236833,0.14707215992786024,0.294443855822987,335.975,491,983,0.1,0.15,0.29,340,490,980,wk inc rsv hosp,hosp,2026-10-03,2026-09-26,2026-09-23,"October 03, 2026","September 23, 2026","September 26, 2026",RSVHub-ensemble
United States,2,0.09165800598355445,0.1581549907167214,0.3765167108540129,306,528,1257,0.09,0.16,0.38,310,530,1300,wk inc rsv hosp,hosp,2026-10-10,2026-09-26,2026-09-23,"October 10, 2026","September 23, 2026","September 26, 2026",RSVHub-ensemble
United States,0,NA,NA,NA,2.9312426962558235e-4,3.798586783459918e-4,4.902843046177727e-4,NA,NA,NA,2.9e-4,3.8e-4,4.9e-4,wk inc rsv prop ed visits,prop_ed,2026-09-26,2026-09-26,2026-09-23,"September 26, 2026","September 23, 2026","September 26, 2026",RSVHub-ensemble
United States,1,NA,NA,NA,2.8300513560841476e-4,4.1451724758425034e-4,6.114133332070981e-4,NA,NA,NA,2.8e-4,4.1e-4,6.1e-4,wk inc rsv prop ed visits,prop_ed,2026-10-03,2026-09-26,2026-09-23,"October 03, 2026","September 23, 2026","September 26, 2026",RSVHub-ensemble
United States,2,NA,NA,NA,2.6649602606692815e-4,4.558056177408777e-4,7.766205117167731e-4,NA,NA,NA,2.7e-4,4.6e-4,7.8e-4,wk inc rsv prop ed visits,prop_ed,2026-10-10,2026-09-26,2026-09-23,"October 10, 2026","September 23, 2026","September 26, 2026",RSVHub-ensemble
Alabama,0,0.07798152808875027,0.215797939365095,0.43159587873019,3.9750000000000014,11,22,0.08,0.22,0.43,4,10,20,wk inc rsv hosp,hosp,2026-09-26,2026-09-26,2026-09-23,"September 26, 2026","September 23, 2026","September 26, 2026",RSVHub-ensemble
Alabama,1,0.05885398346320773,0.215797939365095,0.5100678566811336,3,11,26,0.06,0.22,0.51,3,10,30,wk inc rsv hosp,hosp,2026-10-03,2026-09-26,2026-09-23,"October 03, 2026","September 23, 2026","September 26, 2026",RSVHub-ensemble
Alabama,2,0.03923598897547182,0.215797939365095,0.6866298070707568,2,11,35,0.04,0.22,0.69,2,10,40,wk inc rsv hosp,hosp,2026-10-10,2026-09-26,2026-09-23,"October 10, 2026","September 23, 2026","September 26, 2026",RSVHub-ensemble
Alabama,0,NA,NA,NA,4.7508946738909384e-4,9.763609619886727e-4,0.0018394826187815797,NA,NA,NA,4.8e-4,9.8e-4,0.0018,wk inc rsv prop ed visits,prop_ed,2026-09-26,2026-09-26,2026-09-23,"September 26, 2026","September 23, 2026","September 26, 2026",RSVHub-ensemble
Alabama,1,NA,NA,NA,4.367195311258461e-4,0.00103479628854884,0.0022717144097788616,NA,NA,NA,4.4e-4,0.001,0.0023,wk inc rsv prop ed visits,prop_ed,2026-10-03,2026-09-26,2026-09-23,"October 03, 2026","September 23, 2026","September 26, 2026",RSVHub-ensemble
Alabama,2,NA,NA,NA,4.050451691364098e-4,0.0011177487373110538,0.0027894316112319142,NA,NA,NA,4.1e-4,0.0011,0.0028,wk inc rsv prop ed visits,prop_ed,2026-10-10,2026-09-26,2026-09-23,"October 10, 2026","September 23, 2026","September 26, 2026",RSVHub-ensemble
Alaska,0,0,0.5620258784815747,1.264558226583543,0,4,9,0,0.56,1.26,0,4,9,wk inc rsv hosp,hosp,2026-09-26,2026-09-26,2026-09-23,"September 26, 2026","September 23, 2026","September 26, 2026",RSVHub-ensemble
Alaska,1,0,0.5620258784815747,2.8101293924078736,0,4,20,0,0.56,2.81,0,4,20,wk inc rsv hosp,hosp,2026-10-03,2026-09-26,2026-09-23,"October 03, 2026","September 23, 2026","September 26, 2026",RSVHub-ensemble
Alaska,2,0,0.7025323481019684,6.47032292601909,0,5,46.04999999999973,0,0.7,6.47,0,5,50,wk inc rsv hosp,hosp,2026-10-10,2026-09-26,2026-09-23,"October 10, 2026","September 23, 2026","September 26, 2026",RSVHub-ensemble
Alaska,0,NA,NA,NA,0,4.5369159563719326e-5,4.721752116360413e-4,NA,NA,NA,0,4.5e-5,4.7e-4,wk inc rsv prop ed visits,prop_ed,2026-09-26,2026-09-26,2026-09-23,"September 26, 2026","September 23, 2026","September 26, 2026",RSVHub-ensemble
Alaska,1,NA,NA,NA,0,5.3239528494978015e-5,5.52010689612971e-4,NA,NA,NA,0,5.3e-5,5.5e-4,wk inc rsv prop ed visits,prop_ed,2026-10-03,2026-09-26,2026-09-23,"October 03, 2026","September 23, 2026","September 26, 2026",RSVHub-ensemble
Alaska,2,NA,NA,NA,0,6.668705125994714e-5,7.485794225084713e-4,NA,NA,NA,0,6.7e-5,7.5e-4,wk inc rsv prop ed visits,prop_ed,2026-10-10,2026-09-26,2026-09-23,"October 10, 2026","September 23, 2026","September 26, 2026",RSVHub-ensemble
Arizona,0,0,0.026975823996775852,0.1618549439806551,0,2,12,0,0.03,0.16,0,2,10,wk inc rsv hosp,hosp,2026-09-26,2026-09-26,2026-09-23,"September 26, 2026","September 23, 2026","September 26, 2026",RSVHub-ensemble
Arizona,1,0,0.026975823996775852,0.21580659197420682,0,2,16,0,0.03,0.22,0,2,20,wk inc rsv hosp,hosp,2026-10-03,2026-09-26,2026-09-23,"October 03, 2026","September 23, 2026","September 26, 2026",RSVHub-ensemble
Arizona,2,0,0.026975823996775852,0.2697582399677585,0,2,20,0,0.03,0.27,0,2,20,wk inc rsv hosp,hosp,2026-10-10,2026-09-26,2026-09-23,"October 10, 2026","September 23, 2026","September 26, 2026",RSVHub-ensemble
Arizona,0,NA,NA,NA,2.4132534113305306e-5,8.884433460364577e-5,2.538889246204278e-4,NA,NA,NA,2.4e-5,8.9e-5,2.5e-4,wk inc rsv prop ed visits,prop_ed,2026-09-26,2026-09-26,2026-09-23,"September 26, 2026","September 23, 2026","September 26, 2026",RSVHub-ensemble
Arizona,1,NA,NA,NA,1.6653101115249733e-5,9.297186542279762e-5,3.028304162072949e-4,NA,NA,NA,1.7e-5,9.3e-5,3e-4,wk inc rsv prop ed visits,prop_ed,2026-10-03,2026-09-26,2026-09-23,"October 03, 2026","September 23, 2026","September 26, 2026",RSVHub-ensemble
Arizona,2,NA,NA,NA,1.7077007316180545e-5,9.856761897272234e-5,4.2139815102921373e-4,NA,NA,NA,1.7e-5,9.9e-5,4.2e-4,wk inc rsv prop ed visits,prop_ed,2026-10-10,2026-09-26,2026-09-23,"October 10, 2026","September 23, 2026","September 26, 2026",RSVHub-ensemble
Arkansas,0,0,0.03263733136290885,0.22846131954036195,0,1,7,0,0.03,0.23,0,1,7,wk inc rsv hosp,hosp,2026-09-26,2026-09-26,2026-09-23,"September 26, 2026","September 23, 2026","September 26, 2026",RSVHub-ensemble
Arkansas,1,0,0.03263733136290885,0.2610986509032708,0,1,8,0,0.03,0.26,0,1,8,wk inc rsv hosp,hosp,2026-10-03,2026-09-26,2026-09-23,"October 03, 2026","September 23, 2026","September 26, 2026",RSVHub-ensemble
Arkansas,2,0,0.0652746627258177,0.3263733136290885,0,2,10,0,0.07,0.33,0,2,10,wk inc rsv hosp,hosp,2026-10-10,2026-09-26,2026-09-23,"October 10, 2026","September 23, 2026","September 26, 2026",RSVHub-ensemble
Arkansas,0,NA,NA,NA,8.679936471985791e-6,1.8394788122791736e-4,6.599230489326549e-4,NA,NA,NA,8.7e-6,1.8e-4,6.6e-4,wk inc rsv prop ed visits,prop_ed,2026-09-26,2026-09-26,2026-09-23,"September 26, 2026","September 23, 2026","September 26, 2026",RSVHub-ensemble
Arkansas,1,NA,NA,NA,9.627677819328524e-6,2.0191474362858832e-4,8.923378742543232e-4,NA,NA,NA,9.6e-6,2e-4,8.9e-4,wk inc rsv prop ed visits,prop_ed,2026-10-03,2026-09-26,2026-09-23,"October 03, 2026","September 23, 2026","September 26, 2026",RSVHub-ensemble
Arkansas,2,NA,NA,NA,8.799296807043197e-6,2.1928714687260173e-4,0.0012024619827598927,NA,NA,NA,8.8e-6,2.2e-4,0.0012,wk inc rsv prop ed visits,prop_ed,2026-10-10,2026-09-26,2026-09-23,"October 10, 2026","September 23, 2026","September 26, 2026",RSVHub-ensemble
California,0,0.023179039822697856,0.04635807964539571,0.12877244345943253,9,18,50,0.02,0.05,0.13,9,20,50,wk inc rsv hosp,hosp,2026-09-26,2026-09-26,2026-09-23,"September 26, 2026","September 23, 2026","September 26, 2026",RSVHub-ensemble
California,1,0.020603590953509207,0.04893352851458437,0.1957341140583375,8,19,76,0.02,0.05,0.2,8,20,80,wk inc rsv hosp,hosp,2026-10-03,2026-09-26,2026-09-23,"October 03, 2026","September 23, 2026","September 26, 2026",RSVHub-ensemble
California,2,0.015452693215131905,0.05408442625296167,0.30905386430263815,6,21,120,0.02,0.05,0.31,6,20,120,wk inc rsv hosp,hosp,2026-10-10,2026-09-26,2026-09-23,"October 10, 2026","September 23, 2026","September 26, 2026",RSVHub-ensemble
California,0,NA,NA,NA,1.2493549316795838e-4,2.607676667266726e-4,5.008586268619043e-4,NA,NA,NA,1.2e-4,2.6e-4,5e-4,wk inc rsv prop ed visits,prop_ed,2026-09-26,2026-09-26,2026-09-23,"September 26, 2026","September 23, 2026","September 26, 2026",RSVHub-ensemble
California,1,NA,NA,NA,1.230399668248062e-4,2.888756710243697e-4,6.778695753269034e-4,NA,NA,NA,1.2e-4,2.9e-4,6.8e-4,wk inc rsv prop ed visits,prop_ed,2026-10-03,2026-09-26,2026-09-23,"October 03, 2026","September 23, 2026","September 26, 2026",RSVHub-ensemble
California,2,NA,NA,NA,1.1468000936329031e-4,3.1810442506554693e-4,9.448100546289905e-4,NA,NA,NA,1.1e-4,3.2e-4,9.4e-4,wk inc rsv prop ed visits,prop_ed,2026-10-10,2026-09-26,2026-09-23,"October 10, 2026","September 23, 2026","September 26, 2026",RSVHub-ensemble
Colorado,0,0,0.017113567516532133,0.11979497261572493,0,1,7,0,0.02,0.12,0,1,7,wk inc rsv hosp,hosp,2026-09-26,2026-09-26,2026-09-23,"September 26, 2026","September 23, 2026","September 26, 2026",RSVHub-ensemble
Colorado,1,0,0.017113567516532133,0.13690854013225706,0,1,8,0,0.02,0.14,0,1,8,wk inc rsv hosp,hosp,2026-10-03,2026-09-26,2026-09-23,"October 03, 2026","September 23, 2026","September 26, 2026",RSVHub-ensemble
Colorado,2,0,0.017113567516532133,0.18824924268185347,0,1,11,0,0.02,0.19,0,1,10,wk inc rsv hosp,hosp,2026-10-10,2026-09-26,2026-09-23,"October 10, 2026","September 23, 2026","September 26, 2026",RSVHub-ensemble
Colorado,0,NA,NA,NA,1.4433469342148393e-5,7.84205534113272e-5,2.62422058211829e-4,NA,NA,NA,1.4e-5,7.8e-5,2.6e-4,wk inc rsv prop ed visits,prop_ed,2026-09-26,2026-09-26,2026-09-23,"September 26, 2026","September 23, 2026","September 26, 2026",RSVHub-ensemble
Colorado,1,NA,NA,NA,1.6391426367460546e-5,9.007899060490865e-5,3.506930157343277e-4,NA,NA,NA,1.6e-5,9e-5,3.5e-4,wk inc rsv prop ed visits,prop_ed,2026-10-03,2026-09-26,2026-09-23,"October 03, 2026","September 23, 2026","September 26, 2026",RSVHub-ensemble
Colorado,2,NA,NA,NA,1.6884766257303322e-5,9.40026450532309e-5,5.06822667060685e-4,NA,NA,NA,1.7e-5,9.4e-5,5.1e-4,wk inc rsv prop ed visits,prop_ed,2026-10-10,2026-09-26,2026-09-23,"October 10, 2026","September 23, 2026","September 26, 2026",RSVHub-ensemble
Connecticut,0,0,0.027683009608218973,0.1384150480410949,0,1,5,0,0.03,0.14,0,1,5,wk inc rsv hosp,hosp,2026-09-26,2026-09-26,2026-09-23,"September 26, 2026","September 23, 2026","September 26, 2026",RSVHub-ensemble
Connecticut,1,0,0.027683009608218973,0.22146407686575179,0,1,8,0,0.03,0.22,0,1,8,wk inc rsv hosp,hosp,2026-10-03,2026-09-26,2026-09-23,"October 03, 2026","September 23, 2026","September 26, 2026",RSVHub-ensemble
Connecticut,2,0,0.027683009608218973,0.2491470864739708,0,1,9,0,0.03,0.25,0,1,9,wk inc rsv hosp,hosp,2026-10-10,2026-09-26,2026-09-23,"October 10, 2026","September 23, 2026","September 26, 2026",RSVHub-ensemble
Delaware,0,0,0.19446891511626324,0.6806412029069213,0,2,7,0,0.19,0.68,0,2,7,wk inc rsv hosp,hosp,2026-09-26,2026-09-26,2026-09-23,"September 26, 2026","September 23, 2026","September 26, 2026",RSVHub-ensemble
Delaware,1,0,0.29170337267439483,1.0695790331394477,0,3,11,0,0.29,1.07,0,3,10,wk inc rsv hosp,hosp,2026-10-03,2026-09-26,2026-09-23,"October 03, 2026","September 23, 2026","September 26, 2026",RSVHub-ensemble
Delaware,2,0,0.29170337267439483,1.8474546936045007,0,3,19,0,0.29,1.85,0,3,20,wk inc rsv hosp,hosp,2026-10-10,2026-09-26,2026-09-23,"October 10, 2026","September 23, 2026","September 26, 2026",RSVHub-ensemble
Delaware,0,NA,NA,NA,5.129628478444789e-5,2.829833388773705e-4,9.262238287444908e-4,NA,NA,NA,5.1e-5,2.8e-4,0.00093000000000000005,wk inc rsv prop ed visits,prop_ed,2026-09-26,2026-09-26,2026-09-23,"September 26, 2026","September 23, 2026","September 26, 2026",RSVHub-ensemble
Delaware,1,NA,NA,NA,5.4877769164027897e-5,3.453556098703523e-4,0.001430465297537067,NA,NA,NA,5.5e-5,3.5e-4,0.0014,wk inc rsv prop ed visits,prop_ed,2026-10-03,2026-09-26,2026-09-23,"October 03, 2026","September 23, 2026","September 26, 2026",RSVHub-ensemble
Delaware,2,NA,NA,NA,1.876051818545302e-5,4.4356070427947433e-4,0.002525124303814106,NA,NA,NA,1.9e-5,4.4e-4,0.0025,wk inc rsv prop ed visits,prop_ed,2026-10-10,2026-09-26,2026-09-23,"October 10, 2026","September 23, 2026","September 26, 2026",RSVHub-ensemble
District of Columbia,0,0,0,0.2959547426007615,0,0,2,0,0,0.3,0,0,2,wk inc rsv hosp,hosp,2026-09-26,2026-09-26,2026-09-23,"September 26, 2026","September 23, 2026","September 26, 2026",RSVHub-ensemble
District of Columbia,1,0,0,0.2959547426007615,0,0,2,0,0,0.3,0,0,2,wk inc rsv hosp,hosp,2026-10-03,2026-09-26,2026-09-23,"October 03, 2026","September 23, 2026","September 26, 2026",RSVHub-ensemble
District of Columbia,2,0,0,0.4439321139011423,0,0,3,0,0,0.44,0,0,3,wk inc rsv hosp,hosp,2026-10-10,2026-09-26,2026-09-23,"October 10, 2026","September 23, 2026","September 26, 2026",RSVHub-ensemble
District of Columbia,0,NA,NA,NA,0,1.2104852692069654e-4,7.384220049600518e-4,NA,NA,NA,0,1.2e-4,7.4e-4,wk inc rsv prop ed visits,prop_ed,2026-09-26,2026-09-26,2026-09-23,"September 26, 2026","September 23, 2026","September 26, 2026",RSVHub-ensemble
District of Columbia,1,NA,NA,NA,0,1.2553093197019684e-4,0.0010009358272843898,NA,NA,NA,0,1.3e-4,0.001,wk inc rsv prop ed visits,prop_ed,2026-10-03,2026-09-26,2026-09-23,"October 03, 2026","September 23, 2026","September 26, 2026",RSVHub-ensemble
District of Columbia,2,NA,NA,NA,0,1.3516914461571126e-4,0.0013131144124584294,NA,NA,NA,0,1.4e-4,0.0013,wk inc rsv prop ed visits,prop_ed,2026-10-10,2026-09-26,2026-09-23,"October 10, 2026","September 23, 2026","September 26, 2026",RSVHub-ensemble
Florida,0,0.39023019679308824,0.6030830314075,0.8647146406210477,88,136,195,0.39,0.6,0.86,90,140,200,wk inc rsv hosp,hosp,2026-09-26,2026-09-26,2026-09-23,"September 26, 2026","September 23, 2026","September 26, 2026",RSVHub-ensemble
Florida,1,0.3813613286841544,0.6695995422245037,1.1307806838890624,86,151,255,0.38,0.67,1.13,90,150,260,wk inc rsv hosp,hosp,2026-10-03,2026-09-26,2026-09-23,"October 03, 2026","September 23, 2026","September 26, 2026",RSVHub-ensemble
Florida,2,0.3636235924662867,0.7361160530415074,1.5478392067116744,82,166,349.0499999999997,0.36,0.74,1.55,80,170,350,wk inc rsv hosp,hosp,2026-10-10,2026-09-26,2026-09-23,"October 10, 2026","September 23, 2026","September 26, 2026",RSVHub-ensemble
Florida,0,NA,NA,NA,0.001158030859237619,0.0015225292717919439,0.0019866977363288242,NA,NA,NA,0.0012,0.0015,0.002,wk inc rsv prop ed visits,prop_ed,2026-09-26,2026-09-26,2026-09-23,"September 26, 2026","September 23, 2026","September 26, 2026",RSVHub-ensemble
Florida,1,NA,NA,NA,0.0010827579337713475,0.0016611893595329967,0.0024600265836833505,NA,NA,NA,0.0011,0.0017,0.0025,wk inc rsv prop ed visits,prop_ed,2026-10-03,2026-09-26,2026-09-23,"October 03, 2026","September 23, 2026","September 26, 2026",RSVHub-ensemble
Florida,2,NA,NA,NA,9.891412339436871e-4,0.0018306619194668602,0.0032259518185662776,NA,NA,NA,9.9e-4,0.0018,0.0032,wk inc rsv prop ed visits,prop_ed,2026-10-10,2026-09-26,2026-09-23,"October 10, 2026","September 23, 2026","September 26, 2026",RSVHub-ensemble
Georgia,0,0.05468282276741199,0.1275932531239613,0.3098693290153346,6,14,34,0.05,0.13,0.31,6,10,30,wk inc rsv hosp,hosp,2026-09-26,2026-09-26,2026-09-23,"September 26, 2026","September 23, 2026","September 26, 2026",RSVHub-ensemble
Georgia,1,0.04556901897284333,0.13670705691852997,0.41923497455015857,5,15,46,0.05,0.14,0.42,5,20,50,wk inc rsv hosp,hosp,2026-10-03,2026-09-26,2026-09-23,"October 03, 2026","September 23, 2026","September 26, 2026",RSVHub-ensemble
Georgia,2,0.027341411383705994,0.13670705691852997,0.6653076770035126,3,15,73,0.03,0.14,0.67,3,20,70,wk inc rsv hosp,hosp,2026-10-10,2026-09-26,2026-09-23,"October 10, 2026","September 23, 2026","September 26, 2026",RSVHub-ensemble
Georgia,0,NA,NA,NA,2.4527147737800613e-4,4.717343596892376e-4,8.773896649649639e-4,NA,NA,NA,2.5e-4,4.7e-4,8.8e-4,wk inc rsv prop ed visits,prop_ed,2026-09-26,2026-09-26,2026-09-23,"September 26, 2026","September 23, 2026","September 26, 2026",RSVHub-ensemble
Georgia,1,NA,NA,NA,2.4642612393312386e-4,5.429617943842887e-4,0.0012494376052035708,NA,NA,NA,2.5e-4,5.4e-4,0.0012,wk inc rsv prop ed visits,prop_ed,2026-10-03,2026-09-26,2026-09-23,"October 03, 2026","September 23, 2026","September 26, 2026",RSVHub-ensemble
Georgia,2,NA,NA,NA,2.403096222237993e-4,6.258808718179391e-4,0.0019579003885331885,NA,NA,NA,2.4e-4,6.3e-4,0.002,wk inc rsv prop ed visits,prop_ed,2026-10-10,2026-09-26,2026-09-23,"October 10, 2026","September 23, 2026","September 26, 2026",RSVHub-ensemble
Hawaii,0,0.14338099556594272,0.5018334844807995,1.2187384623105129,2,7,17,0.14,0.5,1.22,2,7,20,wk inc rsv hosp,hosp,2026-09-26,2026-09-26,2026-09-23,"September 26, 2026","September 23, 2026","September 26, 2026",RSVHub-ensemble
Hawaii,1,0.14338099556594272,0.5735239822637709,1.6488814490083412,2,8,23,0.14,0.57,1.65,2,8,20,wk inc rsv hosp,hosp,2026-10-03,2026-09-26,2026-09-23,"October 03, 2026","September 23, 2026","September 26, 2026",RSVHub-ensemble
Hawaii,2,0.07169049778297136,0.6452144800467422,2.4374769246210257,1,9,34,0.07,0.65,2.44,1,9,30,wk inc rsv hosp,hosp,2026-10-10,2026-09-26,2026-09-23,"October 10, 2026","September 23, 2026","September 26, 2026",RSVHub-ensemble
Hawaii,0,NA,NA,NA,9.047175704655927e-4,0.0021443023272736603,0.004692193815766427,NA,NA,NA,9e-4,0.0021,0.0047,wk inc rsv prop ed visits,prop_ed,2026-09-26,2026-09-26,2026-09-23,"September 26, 2026","September 23, 2026","September 26, 2026",RSVHub-ensemble
Hawaii,1,NA,NA,NA,8.565768173290966e-4,0.0023623869159505807,0.006149614891025198,NA,NA,NA,8.6e-4,0.0024,0.0061,wk inc rsv prop ed visits,prop_ed,2026-10-03,2026-09-26,2026-09-23,"October 03, 2026","September 23, 2026","September 26, 2026",RSVHub-ensemble
Hawaii,2,NA,NA,NA,7.13804356305378e-4,0.002542094895945265,0.008476462962513531,NA,NA,NA,7.1e-4,0.0025,0.0085,wk inc rsv prop ed visits,prop_ed,2026-10-10,2026-09-26,2026-09-23,"October 10, 2026","September 23, 2026","September 26, 2026",RSVHub-ensemble
Idaho,0,0,0,0.10197801659896177,0,0,2,0,0,0.1,0,0,2,wk inc rsv hosp,hosp,2026-09-26,2026-09-26,2026-09-23,"September 26, 2026","September 23, 2026","September 26, 2026",RSVHub-ensemble
Idaho,1,0,0,0.10197801659896177,0,0,2,0,0,0.1,0,0,2,wk inc rsv hosp,hosp,2026-10-03,2026-09-26,2026-09-23,"October 03, 2026","September 23, 2026","September 26, 2026",RSVHub-ensemble
Idaho,2,0,0,0.10197801659896177,0,0,2,0,0,0.1,0,0,2,wk inc rsv hosp,hosp,2026-10-10,2026-09-26,2026-09-23,"October 10, 2026","September 23, 2026","September 26, 2026",RSVHub-ensemble
Idaho,0,NA,NA,NA,0,6.287297573663503e-5,3.014351310639923e-4,NA,NA,NA,0,6.3e-5,3e-4,wk inc rsv prop ed visits,prop_ed,2026-09-26,2026-09-26,2026-09-23,"September 26, 2026","September 23, 2026","September 26, 2026",RSVHub-ensemble
Idaho,1,NA,NA,NA,0,3.123595861476311e-5,3.356719564294534e-4,NA,NA,NA,0,3.1e-5,3.4e-4,wk inc rsv prop ed visits,prop_ed,2026-10-03,2026-09-26,2026-09-23,"October 03, 2026","September 23, 2026","September 26, 2026",RSVHub-ensemble
Idaho,2,NA,NA,NA,0,3.544594087026212e-5,4.435281432443336e-4,NA,NA,NA,0,3.5e-5,4.4e-4,wk inc rsv prop ed visits,prop_ed,2026-10-10,2026-09-26,2026-09-23,"October 10, 2026","September 23, 2026","September 26, 2026",RSVHub-ensemble
Illinois,0,0.01595808258531151,0.07979041292655754,0.16755986714577087,2,10,21,0.02,0.08,0.17,2,10,20,wk inc rsv hosp,hosp,2026-09-26,2026-09-26,2026-09-23,"September 26, 2026","September 23, 2026","September 26, 2026",RSVHub-ensemble
Illinois,1,0.01595808258531151,0.0718113716339018,0.19947603231639388,2,9,25,0.02,0.07,0.2,2,9,30,wk inc rsv hosp,hosp,2026-10-03,2026-09-26,2026-09-23,"October 03, 2026","September 23, 2026","September 26, 2026",RSVHub-ensemble
Illinois,2,0.007979041292655755,0.0718113716339018,0.271486879982611,1,9,34.024999999999864,0.01,0.07,0.27,1,9,30,wk inc rsv hosp,hosp,2026-10-10,2026-09-26,2026-09-23,"October 10, 2026","September 23, 2026","September 26, 2026",RSVHub-ensemble
Illinois,0,NA,NA,NA,8.467699456895535e-5,1.800511542177779e-4,3.4738555618111394e-4,NA,NA,NA,8.5e-5,1.8e-4,3.5e-4,wk inc rsv prop ed visits,prop_ed,2026-09-26,2026-09-26,2026-09-23,"September 26, 2026","September 23, 2026","September 26, 2026",RSVHub-ensemble
Illinois,1,NA,NA,NA,7.339858597348232e-5,1.8560890661971802e-4,4.299314770555149e-4,NA,NA,NA,7.3e-5,1.9e-4,4.3e-4,wk inc rsv prop ed visits,prop_ed,2026-10-03,2026-09-26,2026-09-23,"October 03, 2026","September 23, 2026","September 26, 2026",RSVHub-ensemble
Illinois,2,NA,NA,NA,6.043133214734213e-5,1.9057951519945674e-4,5.584194784584219e-4,NA,NA,NA,6e-5,1.9e-4,5.6e-4,wk inc rsv prop ed visits,prop_ed,2026-10-10,2026-09-26,2026-09-23,"October 10, 2026","September 23, 2026","September 26, 2026",RSVHub-ensemble
Indiana,0,0.014574858660308143,0.04372457598092443,0.16032344526338954,1,3,11,0.01,0.04,0.16,1,3,10,wk inc rsv hosp,hosp,2026-09-26,2026-09-26,2026-09-23,"September 26, 2026","September 23, 2026","September 26, 2026",RSVHub-ensemble
Indiana,1,0,0.05829943464123257,0.21862287990462212,0,4,15,0,0.06,0.22,0,4,20,wk inc rsv hosp,hosp,2026-10-03,2026-09-26,2026-09-23,"October 03, 2026","September 23, 2026","September 26, 2026",RSVHub-ensemble
Indiana,2,0,0.05829943464123257,0.33522174918708725,0,4,23,0,0.06,0.34,0,4,20,wk inc rsv hosp,hosp,2026-10-10,2026-09-26,2026-09-23,"October 10, 2026","September 23, 2026","September 26, 2026",RSVHub-ensemble
Indiana,0,NA,NA,NA,7.438625077996662e-5,2.0946593599421452e-4,4.779904984475869e-4,NA,NA,NA,7.4e-5,2.1e-4,4.8e-4,wk inc rsv prop ed visits,prop_ed,2026-09-26,2026-09-26,2026-09-23,"September 26, 2026","September 23, 2026","September 26, 2026",RSVHub-ensemble
Indiana,1,NA,NA,NA,7.52696880205694e-5,2.411004697489238e-4,6.556358159016341e-4,NA,NA,NA,7.5e-5,2.4e-4,6.6e-4,wk inc rsv prop ed visits,prop_ed,2026-10-03,2026-09-26,2026-09-23,"October 03, 2026","September 23, 2026","September 26, 2026",RSVHub-ensemble
Indiana,2,NA,NA,NA,6.917176092767417e-5,2.665553983037648e-4,0.0010395734416021563,NA,NA,NA,6.9e-5,2.7e-4,0.001,wk inc rsv prop ed visits,prop_ed,2026-10-10,2026-09-26,2026-09-23,"October 10, 2026","September 23, 2026","September 26, 2026",RSVHub-ensemble
Iowa,0,0,0.062369180643600045,0.2962536080571002,0,2,9.5,0,0.06,0.3,0,2,10,wk inc rsv hosp,hosp,2026-09-26,2026-09-26,2026-09-23,"September 26, 2026","September 23, 2026","September 26, 2026",RSVHub-ensemble
Iowa,1,0,0.07796147580450007,0.49895344514880036,0,2.5,16,0,0.08,0.5,0,3,20,wk inc rsv hosp,hosp,2026-10-03,2026-09-26,2026-09-23,"October 03, 2026","September 23, 2026","September 26, 2026",RSVHub-ensemble
Iowa,2,0,0.07796147580450007,0.8575762338495008,0,2.5,27.5,0,0.08,0.86,0,3,30,wk inc rsv hosp,hosp,2026-10-10,2026-09-26,2026-09-23,"October 10, 2026","September 23, 2026","September 26, 2026",RSVHub-ensemble
Kansas,0,0,0.03424527355295741,0.23971691487070185,0,1,7,0,0.03,0.24,0,1,7,wk inc rsv hosp,hosp,2026-09-26,2026-09-26,2026-09-23,"September 26, 2026","September 23, 2026","September 26, 2026",RSVHub-ensemble
Kansas,1,0,0.03424527355295741,0.34245273552957406,0,1,10,0,0.03,0.34,0,1,10,wk inc rsv hosp,hosp,2026-10-03,2026-09-26,2026-09-23,"October 03, 2026","September 23, 2026","September 26, 2026",RSVHub-ensemble
Kansas,2,0,0.06849054710591482,0.5821696504002758,0,2,17,0,0.07,0.58,0,2,20,wk inc rsv hosp,hosp,2026-10-10,2026-09-26,2026-09-23,"October 10, 2026","September 23, 2026","September 26, 2026",RSVHub-ensemble
Kansas,0,NA,NA,NA,2.000673611795941e-5,1.5561555804764692e-4,5.258119316907347e-4,NA,NA,NA,2e-5,1.6e-4,5.3e-4,wk inc rsv prop ed visits,prop_ed,2026-09-26,2026-09-26,2026-09-23,"September 26, 2026","September 23, 2026","September 26, 2026",RSVHub-ensemble
Kansas,1,NA,NA,NA,1.9215256576792014e-5,1.8554297361283992e-4,6.876885361479273e-4,NA,NA,NA,1.9e-5,1.9e-4,6.9e-4,wk inc rsv prop ed visits,prop_ed,2026-10-03,2026-09-26,2026-09-23,"October 03, 2026","September 23, 2026","September 26, 2026",RSVHub-ensemble
Kansas,2,NA,NA,NA,2.000158894454786e-5,1.9314600664034615e-4,0.0010917512210593763,NA,NA,NA,2e-5,1.9e-4,0.0011,wk inc rsv prop ed visits,prop_ed,2026-10-10,2026-09-26,2026-09-23,"October 10, 2026","September 23, 2026","September 26, 2026",RSVHub-ensemble
Kentucky,0,0,0.06652755016731679,0.2439343506134949,0,3,11,0,0.07,0.24,0,3,10,wk inc rsv hosp,hosp,2026-09-26,2026-09-26,2026-09-23,"September 26, 2026","September 23, 2026","September 26, 2026",RSVHub-ensemble
Kentucky,1,0,0.06652755016731679,0.3548136008923562,0,3,16,0,0.07,0.35,0,3,20,wk inc rsv hosp,hosp,2026-10-03,2026-09-26,2026-09-23,"October 03, 2026","September 23, 2026","September 26, 2026",RSVHub-ensemble
Kentucky,2,0,0.044351700111544524,0.44351700111544523,0,2,20,0,0.04,0.44,0,2,20,wk inc rsv hosp,hosp,2026-10-10,2026-09-26,2026-09-23,"October 10, 2026","September 23, 2026","September 26, 2026",RSVHub-ensemble
Kentucky,0,NA,NA,NA,9.062010253851876e-5,2.4117501972555444e-4,5.358528358441663e-4,NA,NA,NA,9.1e-5,2.4e-4,5.4e-4,wk inc rsv prop ed visits,prop_ed,2026-09-26,2026-09-26,2026-09-23,"September 26, 2026","September 23, 2026","September 26, 2026",RSVHub-ensemble
Kentucky,1,NA,NA,NA,7.709737996858742e-5,2.402550921370374e-4,6.304387942239493e-4,NA,NA,NA,7.7e-5,2.4e-4,6.3e-4,wk inc rsv prop ed visits,prop_ed,2026-10-03,2026-09-26,2026-09-23,"October 03, 2026","September 23, 2026","September 26, 2026",RSVHub-ensemble
Kentucky,2,NA,NA,NA,6.026704453196637e-5,2.3929753935967977e-4,7.54244182954423e-4,NA,NA,NA,6e-5,2.4e-4,7.5e-4,wk inc rsv prop ed visits,prop_ed,2026-10-10,2026-09-26,2026-09-23,"October 10, 2026","September 23, 2026","September 26, 2026",RSVHub-ensemble
Louisiana,0,0.02193437498217832,0.1316062498930699,0.39481874967920977,1,6,18,0.02,0.13,0.39,1,6,20,wk inc rsv hosp,hosp,2026-09-26,2026-09-26,2026-09-23,"September 26, 2026","September 23, 2026","September 26, 2026",RSVHub-ensemble
Louisiana,1,0.02193437498217832,0.15354062487524825,0.5044906245901014,1,7,23,0.02,0.15,0.5,1,7,20,wk inc rsv hosp,hosp,2026-10-03,2026-09-26,2026-09-23,"October 03, 2026","September 23, 2026","September 26, 2026",RSVHub-ensemble
Louisiana,2,0.02193437498217832,0.15354062487524825,0.7896374993584195,1,7,36,0.02,0.15,0.79,1,7,40,wk inc rsv hosp,hosp,2026-10-10,2026-09-26,2026-09-23,"October 10, 2026","September 23, 2026","September 26, 2026",RSVHub-ensemble
Louisiana,0,NA,NA,NA,2.1489553640669851e-4,4.480506882315768e-4,8.239693800377578e-4,NA,NA,NA,2.1e-4,4.5e-4,8.2e-4,wk inc rsv prop ed visits,prop_ed,2026-09-26,2026-09-26,2026-09-23,"September 26, 2026","September 23, 2026","September 26, 2026",RSVHub-ensemble
Louisiana,1,NA,NA,NA,2.203523686943759e-4,5.147040552354249e-4,0.0011174309495269991,NA,NA,NA,2.2e-4,5.1e-4,0.0011,wk inc rsv prop ed visits,prop_ed,2026-10-03,2026-09-26,2026-09-23,"October 03, 2026","September 23, 2026","September 26, 2026",RSVHub-ensemble
Louisiana,2,NA,NA,NA,2.2224391837153193e-4,6.020855146933909e-4,0.0018007299301637967,NA,NA,NA,2.2e-4,6e-4,0.0018,wk inc rsv prop ed visits,prop_ed,2026-10-10,2026-09-26,2026-09-23,"October 10, 2026","September 23, 2026","September 26, 2026",RSVHub-ensemble
Maine,0,0,0,0.07168124782716218,0,0,1,0,0,0.07,0,0,1,wk inc rsv hosp,hosp,2026-09-26,2026-09-26,2026-09-23,"September 26, 2026","September 23, 2026","September 26, 2026",RSVHub-ensemble
Maine,1,0,0,0.07168124782716218,0,0,1,0,0,0.07,0,0,1,wk inc rsv hosp,hosp,2026-10-03,2026-09-26,2026-09-23,"October 03, 2026","September 23, 2026","September 26, 2026",RSVHub-ensemble
Maine,2,0,0,0.14336249565432435,0,0,2,0,0,0.14,0,0,2,wk inc rsv hosp,hosp,2026-10-10,2026-09-26,2026-09-23,"October 10, 2026","September 23, 2026","September 26, 2026",RSVHub-ensemble
Maine,0,NA,NA,NA,0,1.1737336236431462e-5,1.4175640570529343e-4,NA,NA,NA,0,1.2e-5,1.4e-4,wk inc rsv prop ed visits,prop_ed,2026-09-26,2026-09-26,2026-09-23,"September 26, 2026","September 23, 2026","September 26, 2026",RSVHub-ensemble
Maine,1,NA,NA,NA,0,1.3252042159028955e-5,1.6773561246315118e-4,NA,NA,NA,0,1.3e-5,1.7e-4,wk inc rsv prop ed visits,prop_ed,2026-10-03,2026-09-26,2026-09-23,"October 03, 2026","September 23, 2026","September 26, 2026",RSVHub-ensemble
Maine,2,NA,NA,NA,0,1.2854399698957911e-5,1.8119706223578472e-4,NA,NA,NA,0,1.3e-5,1.8e-4,wk inc rsv prop ed visits,prop_ed,2026-10-10,2026-09-26,2026-09-23,"October 10, 2026","September 23, 2026","September 26, 2026",RSVHub-ensemble
Maryland,0,0,0.08131173390117112,0.17888581458257646,0,5,11,0,0.08,0.18,0,5,10,wk inc rsv hosp,hosp,2026-09-26,2026-09-26,2026-09-23,"September 26, 2026","September 23, 2026","September 26, 2026",RSVHub-ensemble
Maryland,1,0,0.08131173390117112,0.22767285492327913,0,5,14,0,0.08,0.23,0,5,10,wk inc rsv hosp,hosp,2026-10-03,2026-09-26,2026-09-23,"October 03, 2026","September 23, 2026","September 26, 2026",RSVHub-ensemble
Maryland,2,0,0.08131173390117112,0.2764598952639818,0,5,17,0,0.08,0.28,0,5,20,wk inc rsv hosp,hosp,2026-10-10,2026-09-26,2026-09-23,"October 10, 2026","September 23, 2026","September 26, 2026",RSVHub-ensemble
Maryland,0,NA,NA,NA,1.8532725979388694e-5,9.616125635909059e-5,2.8788530244023777e-4,NA,NA,NA,1.9e-5,9.6e-5,2.9e-4,wk inc rsv prop ed visits,prop_ed,2026-09-26,2026-09-26,2026-09-23,"September 26, 2026","September 23, 2026","September 26, 2026",RSVHub-ensemble
Maryland,1,NA,NA,NA,2.0729974973152313e-5,1.1123275639443456e-4,3.644826286906572e-4,NA,NA,NA,2.1e-5,1.1e-4,3.6e-4,wk inc rsv prop ed visits,prop_ed,2026-10-03,2026-09-26,2026-09-23,"October 03, 2026","September 23, 2026","September 26, 2026",RSVHub-ensemble
Maryland,2,NA,NA,NA,2.4048333893493983e-5,1.1545132800339707e-4,4.6842307306802557e-4,NA,NA,NA,2.4e-5,1.2e-4,4.7e-4,wk inc rsv prop ed visits,prop_ed,2026-10-10,2026-09-26,2026-09-23,"October 10, 2026","September 23, 2026","September 26, 2026",RSVHub-ensemble
Massachusetts,0,0,0.0857383781985595,0.2143459454963988,0,6,15,0,0.09,0.21,0,6,20,wk inc rsv hosp,hosp,2026-09-26,2026-09-26,2026-09-23,"September 26, 2026","September 23, 2026","September 26, 2026",RSVHub-ensemble
Massachusetts,1,0,0.0857383781985595,0.27150486429543846,0,6,19,0,0.09,0.27,0,6,20,wk inc rsv hosp,hosp,2026-10-03,2026-09-26,2026-09-23,"October 03, 2026","September 23, 2026","September 26, 2026",RSVHub-ensemble
Massachusetts,2,0,0.10002810789831942,0.3143740533947182,0,7,22,0,0.1,0.31,0,7,20,wk inc rsv hosp,hosp,2026-10-10,2026-09-26,2026-09-23,"October 10, 2026","September 23, 2026","September 26, 2026",RSVHub-ensemble
Massachusetts,0,NA,NA,NA,4.0712386821139416e-5,1.1813793262290537e-4,2.617370917040614e-4,NA,NA,NA,4.1e-5,1.2e-4,2.6e-4,wk inc rsv prop ed visits,prop_ed,2026-09-26,2026-09-26,2026-09-23,"September 26, 2026","September 23, 2026","September 26, 2026",RSVHub-ensemble
Massachusetts,1,NA,NA,NA,4.152052699078473e-5,1.2143319048545467e-4,3.289878749946413e-4,NA,NA,NA,4.2e-5,1.2e-4,3.3e-4,wk inc rsv prop ed visits,prop_ed,2026-10-03,2026-09-26,2026-09-23,"October 03, 2026","September 23, 2026","September 26, 2026",RSVHub-ensemble
Massachusetts,2,NA,NA,NA,4.306376455942714e-5,1.332657125783481e-4,4.09454020894716e-4,NA,NA,NA,4.3e-5,1.3e-4,4.1e-4,wk inc rsv prop ed visits,prop_ed,2026-10-10,2026-09-26,2026-09-23,"October 10, 2026","September 23, 2026","September 26, 2026",RSVHub-ensemble
Michigan,0,0,0.06975337299908713,0.4284850055658209,0,7,43,0,0.07,0.43,0,7,40,wk inc rsv hosp,hosp,2026-09-26,2026-09-26,2026-09-23,"September 26, 2026","September 23, 2026","September 26, 2026",RSVHub-ensemble
Michigan,1,0,0.06975337299908713,0.5181679137075044,0,7,52,0,0.07,0.52,0,7,50,wk inc rsv hosp,hosp,2026-10-03,2026-09-26,2026-09-23,"October 03, 2026","September 23, 2026","September 26, 2026",RSVHub-ensemble
Michigan,2,0,0.07971814057038529,0.7373928002760639,0,8,74,0,0.08,0.74,0,8,70,wk inc rsv hosp,hosp,2026-10-10,2026-09-26,2026-09-23,"October 10, 2026","September 23, 2026","September 26, 2026",RSVHub-ensemble
Michigan,0,NA,NA,NA,5.9649246867264015e-5,1.4255287864432898e-4,3.0834422985336974e-4,NA,NA,NA,6e-5,1.4e-4,3.1e-4,wk inc rsv prop ed visits,prop_ed,2026-09-26,2026-09-26,2026-09-23,"September 26, 2026","September 23, 2026","September 26, 2026",RSVHub-ensemble
Michigan,1,NA,NA,NA,5.458036275216614e-5,1.610331819574093e-4,4.3228613396292066e-4,NA,NA,NA,5.5e-5,1.6e-4,4.3e-4,wk inc rsv prop ed visits,prop_ed,2026-10-03,2026-09-26,2026-09-23,"October 03, 2026","September 23, 2026","September 26, 2026",RSVHub-ensemble
Michigan,2,NA,NA,NA,4.75094339838717e-5,1.7848931862180637e-4,6.944431147383849e-4,NA,NA,NA,4.8e-5,1.8e-4,6.9e-4,wk inc rsv prop ed visits,prop_ed,2026-10-10,2026-09-26,2026-09-23,"October 10, 2026","September 23, 2026","September 26, 2026",RSVHub-ensemble
Minnesota,0,0,0,0.034859584721253174,0,0,2,0,0,0.03,0,0,2,wk inc rsv hosp,hosp,2026-09-26,2026-09-26,2026-09-23,"September 26, 2026","September 23, 2026","September 26, 2026",RSVHub-ensemble
Minnesota,1,0,0,0.034859584721253174,0,0,2,0,0,0.03,0,0,2,wk inc rsv hosp,hosp,2026-10-03,2026-09-26,2026-09-23,"October 03, 2026","September 23, 2026","September 26, 2026",RSVHub-ensemble
Minnesota,2,0,0,0.08714896180313293,0,0,5,0,0,0.09,0,0,5,wk inc rsv hosp,hosp,2026-10-10,2026-09-26,2026-09-23,"October 10, 2026","September 23, 2026","September 26, 2026",RSVHub-ensemble
Minnesota,0,NA,NA,NA,3.1378574249446973e-6,4.786480143121061e-5,1.8134386550115663e-4,NA,NA,NA,3.1e-6,4.8e-5,1.8e-4,wk inc rsv prop ed visits,prop_ed,2026-09-26,2026-09-26,2026-09-23,"September 26, 2026","September 23, 2026","September 26, 2026",RSVHub-ensemble
Minnesota,1,NA,NA,NA,2.478599564588386e-6,3.296788980311699e-5,2.211389286389425e-4,NA,NA,NA,2.5e-6,3.3e-5,2.2e-4,wk inc rsv prop ed visits,prop_ed,2026-10-03,2026-09-26,2026-09-23,"October 03, 2026","September 23, 2026","September 26, 2026",RSVHub-ensemble
Minnesota,2,NA,NA,NA,1.3478469134579063e-6,3.760382000002079e-5,2.6265414704361375e-4,NA,NA,NA,1.3e-6,3.8e-5,2.6e-4,wk inc rsv prop ed visits,prop_ed,2026-10-10,2026-09-26,2026-09-23,"October 10, 2026","September 23, 2026","September 26, 2026",RSVHub-ensemble
Mississippi,0,0.034163868361148986,0.17081934180574493,0.37580255197263884,1,5,11,0.03,0.17,0.38,1,5,10,wk inc rsv hosp,hosp,2026-09-26,2026-09-26,2026-09-23,"September 26, 2026","September 23, 2026","September 26, 2026",RSVHub-ensemble
Mississippi,1,0.034163868361148986,0.20498321016689394,0.4782941570560858,1,6,14,0.03,0.2,0.48,1,6,10,wk inc rsv hosp,hosp,2026-10-03,2026-09-26,2026-09-23,"October 03, 2026","September 23, 2026","September 26, 2026",RSVHub-ensemble
Mississippi,2,0,0.2391470785280429,0.7857689723064267,0,7,23,0,0.24,0.79,0,7,20,wk inc rsv hosp,hosp,2026-10-10,2026-09-26,2026-09-23,"October 10, 2026","September 23, 2026","September 26, 2026",RSVHub-ensemble
Mississippi,0,NA,NA,NA,1.9147421793995543e-4,4.351991372804578e-4,8.471643776097376e-4,NA,NA,NA,1.9e-4,4.4e-4,8.5e-4,wk inc rsv prop ed visits,prop_ed,2026-09-26,2026-09-26,2026-09-23,"September 26, 2026","September 23, 2026","September 26, 2026",RSVHub-ensemble
Mississippi,1,NA,NA,NA,1.6520067137640537e-4,4.454044602585452e-4,9.713717466377746e-4,NA,NA,NA,1.7e-4,4.5e-4,9.7e-4,wk inc rsv prop ed visits,prop_ed,2026-10-03,2026-09-26,2026-09-23,"October 03, 2026","September 23, 2026","September 26, 2026",RSVHub-ensemble
Mississippi,2,NA,NA,NA,1.4476009265436014e-4,4.491539118413657e-4,0.0012136760893020093,NA,NA,NA,1.4e-4,4.5e-4,0.0012,wk inc rsv prop ed visits,prop_ed,2026-10-10,2026-09-26,2026-09-23,"October 10, 2026","September 23, 2026","September 26, 2026",RSVHub-ensemble
Missouri,0,0,0.032355119437305645,0.14559803746787542,0,2,9,0,0.03,0.15,0,2,9,wk inc rsv hosp,hosp,2026-09-26,2026-09-26,2026-09-23,"September 26, 2026","September 23, 2026","September 26, 2026",RSVHub-ensemble
Missouri,1,0,0.032355119437305645,0.19413071662383388,0,2,12,0,0.03,0.19,0,2,10,wk inc rsv hosp,hosp,2026-10-03,2026-09-26,2026-09-23,"October 03, 2026","September 23, 2026","September 26, 2026",RSVHub-ensemble
Missouri,2,0,0.032355119437305645,0.22648583606113953,0,2,14,0,0.03,0.23,0,2,10,wk inc rsv hosp,hosp,2026-10-10,2026-09-26,2026-09-23,"October 10, 2026","September 23, 2026","September 26, 2026",RSVHub-ensemble
Missouri,0,NA,NA,NA,1.5666176601302618e-5,8.047774616043751e-5,2.4993480612803016e-4,NA,NA,NA,1.6e-5,8e-5,2.5e-4,wk inc rsv prop ed visits,prop_ed,2026-09-26,2026-09-26,2026-09-23,"September 26, 2026","September 23, 2026","September 26, 2026",RSVHub-ensemble
Missouri,1,NA,NA,NA,1.8523352797697683e-6,7.47963083843976e-5,2.776748682533116e-4,NA,NA,NA,1.9e-6,7.5e-5,2.8e-4,wk inc rsv prop ed visits,prop_ed,2026-10-03,2026-09-26,2026-09-23,"October 03, 2026","September 23, 2026","September 26, 2026",RSVHub-ensemble
Missouri,2,NA,NA,NA,4.2808773310739287e-7,6.416573053352626e-5,3.274451103510557e-4,NA,NA,NA,4.3e-7,6.4e-5,3.3e-4,wk inc rsv prop ed visits,prop_ed,2026-10-10,2026-09-26,2026-09-23,"October 10, 2026","September 23, 2026","September 26, 2026",RSVHub-ensemble
Montana,0,0,0,0.3541446432966617,0,0,4,0,0,0.35,0,0,4,wk inc rsv hosp,hosp,2026-09-26,2026-09-26,2026-09-23,"September 26, 2026","September 23, 2026","September 26, 2026",RSVHub-ensemble
Montana,1,0,0,0.44268080412082705,0,0,5,0,0,0.44,0,0,5,wk inc rsv hosp,hosp,2026-10-03,2026-09-26,2026-09-23,"October 03, 2026","September 23, 2026","September 26, 2026",RSVHub-ensemble
Montana,2,0,0,0.5312169649449925,0,0,6,0,0,0.53,0,0,6,wk inc rsv hosp,hosp,2026-10-10,2026-09-26,2026-09-23,"October 10, 2026","September 23, 2026","September 26, 2026",RSVHub-ensemble
Montana,0,NA,NA,NA,0,1.0802633815639728e-5,2.1930460739631014e-4,NA,NA,NA,0,1.1e-5,2.2e-4,wk inc rsv prop ed visits,prop_ed,2026-09-26,2026-09-26,2026-09-23,"September 26, 2026","September 23, 2026","September 26, 2026",RSVHub-ensemble
Montana,1,NA,NA,NA,0,1.1980148184133943e-5,2.2698687744280059e-4,NA,NA,NA,0,1.2e-5,2.3e-4,wk inc rsv prop ed visits,prop_ed,2026-10-03,2026-09-26,2026-09-23,"October 03, 2026","September 23, 2026","September 26, 2026",RSVHub-ensemble
Montana,2,NA,NA,NA,0,1.2344800727625607e-5,2.3430344283694875e-4,NA,NA,NA,0,1.2e-5,2.3e-4,wk inc rsv prop ed visits,prop_ed,2026-10-10,2026-09-26,2026-09-23,"October 10, 2026","September 23, 2026","September 26, 2026",RSVHub-ensemble
Nebraska,0,0,0.10142425003106119,0.40569700012424476,0,2,8,0,0.1,0.41,0,2,8,wk inc rsv hosp,hosp,2026-09-26,2026-09-26,2026-09-23,"September 26, 2026","September 23, 2026","September 26, 2026",RSVHub-ensemble
Nebraska,1,0,0.10142425003106119,0.4564091251397753,0,2,9,0,0.1,0.46,0,2,9,wk inc rsv hosp,hosp,2026-10-03,2026-09-26,2026-09-23,"October 03, 2026","September 23, 2026","September 26, 2026",RSVHub-ensemble
Nebraska,2,0,0.10142425003106119,0.8113940002484895,0,2,16,0,0.1,0.81,0,2,20,wk inc rsv hosp,hosp,2026-10-10,2026-09-26,2026-09-23,"October 10, 2026","September 23, 2026","September 26, 2026",RSVHub-ensemble
Nebraska,0,NA,NA,NA,0,2.8076961063105512e-5,2.8720178711510926e-4,NA,NA,NA,0,2.8e-5,2.9e-4,wk inc rsv prop ed visits,prop_ed,2026-09-26,2026-09-26,2026-09-23,"September 26, 2026","September 23, 2026","September 26, 2026",RSVHub-ensemble
Nebraska,1,NA,NA,NA,0,2.9725112825132257e-5,3.907569485294962e-4,NA,NA,NA,0,3e-5,3.9e-4,wk inc rsv prop ed visits,prop_ed,2026-10-03,2026-09-26,2026-09-23,"October 03, 2026","September 23, 2026","September 26, 2026",RSVHub-ensemble
Nebraska,2,NA,NA,NA,0,3.0322186979436978e-5,5.655005923006928e-4,NA,NA,NA,0,3e-5,5.7e-4,wk inc rsv prop ed visits,prop_ed,2026-10-10,2026-09-26,2026-09-23,"October 10, 2026","September 23, 2026","September 26, 2026",RSVHub-ensemble
Nevada,0,0,0.031426331180105876,0.1257053247204235,0,1,4,0,0.03,0.13,0,1,4,wk inc rsv hosp,hosp,2026-09-26,2026-09-26,2026-09-23,"September 26, 2026","September 23, 2026","September 26, 2026",RSVHub-ensemble
Nevada,1,0,0.031426331180105876,0.18855798708063526,0,1,6,0,0.03,0.19,0,1,6,wk inc rsv hosp,hosp,2026-10-03,2026-09-26,2026-09-23,"October 03, 2026","September 23, 2026","September 26, 2026",RSVHub-ensemble
Nevada,2,0,0.031426331180105876,0.251410649440847,0,1,8,0,0.03,0.25,0,1,8,wk inc rsv hosp,hosp,2026-10-10,2026-09-26,2026-09-23,"October 10, 2026","September 23, 2026","September 26, 2026",RSVHub-ensemble
Nevada,0,NA,NA,NA,6.225518938729872e-6,7.617544212961476e-5,2.547563133646843e-4,NA,NA,NA,6.2e-6,7.6e-5,2.5e-4,wk inc rsv prop ed visits,prop_ed,2026-09-26,2026-09-26,2026-09-23,"September 26, 2026","September 23, 2026","September 26, 2026",RSVHub-ensemble
Nevada,1,NA,NA,NA,6.755423495254883e-6,8.127356295067504e-5,3.4595181479204427e-4,NA,NA,NA,6.8e-6,8.1e-5,3.5e-4,wk inc rsv prop ed visits,prop_ed,2026-10-03,2026-09-26,2026-09-23,"October 03, 2026","September 23, 2026","September 26, 2026",RSVHub-ensemble
Nevada,2,NA,NA,NA,8.452680757061345e-6,1.0023394689185435e-4,5.431656602566362e-4,NA,NA,NA,8.5e-6,1e-4,5.4e-4,wk inc rsv prop ed visits,prop_ed,2026-10-10,2026-09-26,2026-09-23,"October 10, 2026","September 23, 2026","September 26, 2026",RSVHub-ensemble
New Hampshire,0,0,0,0.21405529904595555,0,0,3,0,0,0.21,0,0,3,wk inc rsv hosp,hosp,2026-09-26,2026-09-26,2026-09-23,"September 26, 2026","September 23, 2026","September 26, 2026",RSVHub-ensemble
New Hampshire,1,0,0,0.21405529904595555,0,0,3,0,0,0.21,0,0,3,wk inc rsv hosp,hosp,2026-10-03,2026-09-26,2026-09-23,"October 03, 2026","September 23, 2026","September 26, 2026",RSVHub-ensemble
New Hampshire,2,0,0,0.28540706539460736,0,0,4,0,0,0.29,0,0,4,wk inc rsv hosp,hosp,2026-10-10,2026-09-26,2026-09-23,"October 10, 2026","September 23, 2026","September 26, 2026",RSVHub-ensemble
New Hampshire,0,NA,NA,NA,0,1.2833995267824646e-5,1.9899065630207146e-4,NA,NA,NA,0,1.3e-5,2e-4,wk inc rsv prop ed visits,prop_ed,2026-09-26,2026-09-26,2026-09-23,"September 26, 2026","September 23, 2026","September 26, 2026",RSVHub-ensemble
New Hampshire,1,NA,NA,NA,0,1.867806319288384e-5,2.3622706871915465e-4,NA,NA,NA,0,1.9e-5,2.4e-4,wk inc rsv prop ed visits,prop_ed,2026-10-03,2026-09-26,2026-09-23,"October 03, 2026","September 23, 2026","September 26, 2026",RSVHub-ensemble
New Hampshire,2,NA,NA,NA,0,2.790507594611528e-5,3.7821870209926625e-4,NA,NA,NA,0,2.8e-5,3.8e-4,wk inc rsv prop ed visits,prop_ed,2026-10-10,2026-09-26,2026-09-23,"October 10, 2026","September 23, 2026","September 26, 2026",RSVHub-ensemble
New Jersey,0,0.01077183075773474,0.08617464606187791,0.2157059109236367,1,8,20.024999999999864,0.01,0.09,0.22,1,8,20,wk inc rsv hosp,hosp,2026-09-26,2026-09-26,2026-09-23,"September 26, 2026","September 23, 2026","September 26, 2026",RSVHub-ensemble
New Jersey,1,0.01077183075773474,0.08617464606187791,0.24775210742789902,1,8,23,0.01,0.09,0.25,1,8,20,wk inc rsv hosp,hosp,2026-10-03,2026-09-26,2026-09-23,"October 03, 2026","September 23, 2026","September 26, 2026",RSVHub-ensemble
New Jersey,2,0.01077183075773474,0.09694647681961266,0.32315492273204216,1,9,30,0.01,0.1,0.32,1,9,30,wk inc rsv hosp,hosp,2026-10-10,2026-09-26,2026-09-23,"October 10, 2026","September 23, 2026","September 26, 2026",RSVHub-ensemble
New Jersey,0,NA,NA,NA,1.9708914325892307e-4,3.7773876171048014e-4,6.643155518871192e-4,NA,NA,NA,2e-4,3.8e-4,6.6e-4,wk inc rsv prop ed visits,prop_ed,2026-09-26,2026-09-26,2026-09-23,"September 26, 2026","September 23, 2026","September 26, 2026",RSVHub-ensemble
New Jersey,1,NA,NA,NA,1.8681627424833923e-4,4.1233774270286403e-4,8.235838585014372e-4,NA,NA,NA,1.9e-4,4.1e-4,8.2e-4,wk inc rsv prop ed visits,prop_ed,2026-10-03,2026-09-26,2026-09-23,"October 03, 2026","September 23, 2026","September 26, 2026",RSVHub-ensemble
New Jersey,2,NA,NA,NA,1.7469038749560597e-4,4.4561975328369157e-4,0.0011004207226654997,NA,NA,NA,1.7e-4,4.5e-4,0.0011,wk inc rsv prop ed visits,prop_ed,2026-10-10,2026-09-26,2026-09-23,"October 10, 2026","September 23, 2026","September 26, 2026",RSVHub-ensemble
New Mexico,0,0,0,0.14279200250552368,0,0,3,0,0,0.14,0,0,3,wk inc rsv hosp,hosp,2026-09-26,2026-09-26,2026-09-23,"September 26, 2026","September 23, 2026","September 26, 2026",RSVHub-ensemble
New Mexico,1,0,0,0.14279200250552368,0,0,3,0,0,0.14,0,0,3,wk inc rsv hosp,hosp,2026-10-03,2026-09-26,2026-09-23,"October 03, 2026","September 23, 2026","September 26, 2026",RSVHub-ensemble
New Mexico,2,0,0,0.23798667084253947,0,0,5,0,0,0.24,0,0,5,wk inc rsv hosp,hosp,2026-10-10,2026-09-26,2026-09-23,"October 10, 2026","September 23, 2026","September 26, 2026",RSVHub-ensemble
New Mexico,0,NA,NA,NA,2.468534735119945e-6,7.432304614287523e-5,4.196569380018802e-4,NA,NA,NA,2.5e-6,7.4e-5,4.2e-4,wk inc rsv prop ed visits,prop_ed,2026-09-26,2026-09-26,2026-09-23,"September 26, 2026","September 23, 2026","September 26, 2026",RSVHub-ensemble
New Mexico,1,NA,NA,NA,0,1.0431170094692293e-4,5.300219185783054e-4,NA,NA,NA,0,1e-4,5.3e-4,wk inc rsv prop ed visits,prop_ed,2026-10-03,2026-09-26,2026-09-23,"October 03, 2026","September 23, 2026","September 26, 2026",RSVHub-ensemble
New Mexico,2,NA,NA,NA,0,1.0304519098299172e-4,7.478555921068279e-4,NA,NA,NA,0,1e-4,7.5e-4,wk inc rsv prop ed visits,prop_ed,2026-10-10,2026-09-26,2026-09-23,"October 10, 2026","September 23, 2026","September 26, 2026",RSVHub-ensemble
New York,0,0.05626047084081171,0.13297929471464587,0.2455002363962693,11,26,48,0.06,0.13,0.25,10,30,50,wk inc rsv hosp,hosp,2026-09-26,2026-09-26,2026-09-23,"September 26, 2026","September 23, 2026","September 26, 2026",RSVHub-ensemble
New York,1,0.05626047084081171,0.1534376477476683,0.36313576633614836,11,30,71,0.06,0.15,0.36,10,30,70,wk inc rsv hosp,hosp,2026-10-03,2026-09-26,2026-09-23,"October 03, 2026","September 23, 2026","September 26, 2026",RSVHub-ensemble
New York,2,0.051145882582556104,0.17389600078069076,0.5984068262159064,10,34,117,0.05,0.17,0.6,10,30,120,wk inc rsv hosp,hosp,2026-10-10,2026-09-26,2026-09-23,"October 10, 2026","September 23, 2026","September 26, 2026",RSVHub-ensemble
New York,0,NA,NA,NA,8.081063507577716e-5,1.4349992103095054e-4,2.4606911799848427e-4,NA,NA,NA,8.1e-5,1.4e-4,2.5e-4,wk inc rsv prop ed visits,prop_ed,2026-09-26,2026-09-26,2026-09-23,"September 26, 2026","September 23, 2026","September 26, 2026",RSVHub-ensemble
New York,1,NA,NA,NA,7.444878239894605e-5,1.533568889514192e-4,3.143290656316968e-4,NA,NA,NA,7.4e-5,1.5e-4,3.1e-4,wk inc rsv prop ed visits,prop_ed,2026-10-03,2026-09-26,2026-09-23,"October 03, 2026","September 23, 2026","September 26, 2026",RSVHub-ensemble
New York,2,NA,NA,NA,7.038697578042228e-5,1.6551269304040323e-4,4.2743568016843805e-4,NA,NA,NA,7e-5,1.7e-4,4.3e-4,wk inc rsv prop ed visits,prop_ed,2026-10-10,2026-09-26,2026-09-23,"October 10, 2026","September 23, 2026","September 26, 2026",RSVHub-ensemble
North Carolina,0,0.027943888671547533,0.0931462955718251,0.19560722070083275,3,10,21,0.03,0.09,0.2,3,10,20,wk inc rsv hosp,hosp,2026-09-26,2026-09-26,2026-09-23,"September 26, 2026","September 23, 2026","September 26, 2026",RSVHub-ensemble
North Carolina,1,0.00931462955718251,0.0931462955718251,0.2608096276011103,1,10,28,0.01,0.09,0.26,1,10,30,wk inc rsv hosp,hosp,2026-10-03,2026-09-26,2026-09-23,"October 03, 2026","September 23, 2026","September 26, 2026",RSVHub-ensemble
North Carolina,2,0,0.0931462955718251,0.2796717524544036,0,10,30.024999999999864,0,0.09,0.28,0,10,30,wk inc rsv hosp,hosp,2026-10-10,2026-09-26,2026-09-23,"October 10, 2026","September 23, 2026","September 26, 2026",RSVHub-ensemble
North Carolina,0,NA,NA,NA,1.731149327853967e-4,3.09569421695242e-4,5.204164906904506e-4,NA,NA,NA,1.7e-4,3.1e-4,5.2e-4,wk inc rsv prop ed visits,prop_ed,2026-09-26,2026-09-26,2026-09-23,"September 26, 2026","September 23, 2026","September 26, 2026",RSVHub-ensemble
North Carolina,1,NA,NA,NA,1.4435685571147715e-4,3.182370115484349e-4,6.417402806895372e-4,NA,NA,NA,1.4e-4,3.2e-4,6.4e-4,wk inc rsv prop ed visits,prop_ed,2026-10-03,2026-09-26,2026-09-23,"October 03, 2026","September 23, 2026","September 26, 2026",RSVHub-ensemble
North Carolina,2,NA,NA,NA,1.1757093832631801e-4,3.290990571666561e-4,8.817344983734663e-4,NA,NA,NA,1.2e-4,3.3e-4,8.8e-4,wk inc rsv prop ed visits,prop_ed,2026-10-10,2026-09-26,2026-09-23,"October 10, 2026","September 23, 2026","September 26, 2026",RSVHub-ensemble
North Dakota,0,0,0,0.25749139013164246,0,0,2,0,0,0.26,0,0,2,wk inc rsv hosp,hosp,2026-09-26,2026-09-26,2026-09-23,"September 26, 2026","September 23, 2026","September 26, 2026",RSVHub-ensemble
North Dakota,1,0,0,0.38623708519746375,0,0,3,0,0,0.39,0,0,3,wk inc rsv hosp,hosp,2026-10-03,2026-09-26,2026-09-23,"October 03, 2026","September 23, 2026","September 26, 2026",RSVHub-ensemble
North Dakota,2,0,0,0.5149827802632849,0,0,4,0,0,0.51,0,0,4,wk inc rsv hosp,hosp,2026-10-10,2026-09-26,2026-09-23,"October 10, 2026","September 23, 2026","September 26, 2026",RSVHub-ensemble
North Dakota,0,NA,NA,NA,0,2.73640106990363e-5,4.084505128217639e-4,NA,NA,NA,0,2.7e-5,4.1e-4,wk inc rsv prop ed visits,prop_ed,2026-09-26,2026-09-26,2026-09-23,"September 26, 2026","September 23, 2026","September 26, 2026",RSVHub-ensemble
North Dakota,1,NA,NA,NA,0,3.248987803597922e-5,5.21421015399902e-4,NA,NA,NA,0,3.2e-5,5.2e-4,wk inc rsv prop ed visits,prop_ed,2026-10-03,2026-09-26,2026-09-23,"October 03, 2026","September 23, 2026","September 26, 2026",RSVHub-ensemble
North Dakota,2,NA,NA,NA,0,3.567801699354689e-5,7.855434873765559e-4,NA,NA,NA,0,3.6e-5,7.9e-4,wk inc rsv prop ed visits,prop_ed,2026-10-10,2026-09-26,2026-09-23,"October 10, 2026","September 23, 2026","September 26, 2026",RSVHub-ensemble
Ohio,0,0.008489388815790535,0.04244694407895267,0.15280899868422962,1,5,18,0.01,0.04,0.15,1,5,20,wk inc rsv hosp,hosp,2026-09-26,2026-09-26,2026-09-23,"September 26, 2026","September 23, 2026","September 26, 2026",RSVHub-ensemble
Ohio,1,0.008489388815790535,0.04244694407895267,0.18676655394739178,1,5,22,0.01,0.04,0.19,1,5,20,wk inc rsv hosp,hosp,2026-10-03,2026-09-26,2026-09-23,"October 03, 2026","September 23, 2026","September 26, 2026",RSVHub-ensemble
Ohio,2,0.008489388815790535,0.05093633289474321,0.22072410921055394,1,6,26,0.01,0.05,0.22,1,6,30,wk inc rsv hosp,hosp,2026-10-10,2026-09-26,2026-09-23,"October 10, 2026","September 23, 2026","September 26, 2026",RSVHub-ensemble
Ohio,0,NA,NA,NA,2.8612148778899682e-5,7.011901594332917e-5,1.522064293779901e-4,NA,NA,NA,2.9e-5,7e-5,1.5e-4,wk inc rsv prop ed visits,prop_ed,2026-09-26,2026-09-26,2026-09-23,"September 26, 2026","September 23, 2026","September 26, 2026",RSVHub-ensemble
Ohio,1,NA,NA,NA,2.3627479954323012e-5,7.880658734153462e-5,1.9369732352106877e-4,NA,NA,NA,2.4e-5,7.9e-5,1.9e-4,wk inc rsv prop ed visits,prop_ed,2026-10-03,2026-09-26,2026-09-23,"October 03, 2026","September 23, 2026","September 26, 2026",RSVHub-ensemble
Ohio,2,NA,NA,NA,2.4448354493498128e-5,8.597943071967396e-5,2.684513750834929e-4,NA,NA,NA,2.4e-5,8.6e-5,2.7e-4,wk inc rsv prop ed visits,prop_ed,2026-10-10,2026-09-26,2026-09-23,"October 10, 2026","September 23, 2026","September 26, 2026",RSVHub-ensemble
Oklahoma,0,0,0.024780144364165035,0.1486808661849902,0,1,6,0,0.02,0.15,0,1,6,wk inc rsv hosp,hosp,2026-09-26,2026-09-26,2026-09-23,"September 26, 2026","September 23, 2026","September 26, 2026",RSVHub-ensemble
Oklahoma,1,0,0.04956028872833007,0.17346101054915525,0,2,7,0,0.05,0.17,0,2,7,wk inc rsv hosp,hosp,2026-10-03,2026-09-26,2026-09-23,"October 03, 2026","September 23, 2026","September 26, 2026",RSVHub-ensemble
Oklahoma,2,0,0.04956028872833007,0.22302129927748535,0,2,9,0,0.05,0.22,0,2,9,wk inc rsv hosp,hosp,2026-10-10,2026-09-26,2026-09-23,"October 10, 2026","September 23, 2026","September 26, 2026",RSVHub-ensemble
Oklahoma,0,NA,NA,NA,3.29269922770203e-6,1.2662569776636032e-4,5.296212911994748e-4,NA,NA,NA,3.3e-6,1.3e-4,5.3e-4,wk inc rsv prop ed visits,prop_ed,2026-09-26,2026-09-26,2026-09-23,"September 26, 2026","September 23, 2026","September 26, 2026",RSVHub-ensemble
Oklahoma,1,NA,NA,NA,3.7617686492980372e-6,1.3080367513341136e-4,7.124468132433742e-4,NA,NA,NA,3.8e-6,1.3e-4,7.1e-4,wk inc rsv prop ed visits,prop_ed,2026-10-03,2026-09-26,2026-09-23,"October 03, 2026","September 23, 2026","September 26, 2026",RSVHub-ensemble
Oklahoma,2,NA,NA,NA,2.2036719136866988e-6,1.3814280766842672e-4,0.0010408639658133116,NA,NA,NA,2.2e-6,1.4e-4,0.001,wk inc rsv prop ed visits,prop_ed,2026-10-10,2026-09-26,2026-09-23,"October 10, 2026","September 23, 2026","September 26, 2026",RSVHub-ensemble
Oregon,0,0,0.023629830203129108,0.14177898121877466,0,1,6,0,0.02,0.14,0,1,6,wk inc rsv hosp,hosp,2026-09-26,2026-09-26,2026-09-23,"September 26, 2026","September 23, 2026","September 26, 2026",RSVHub-ensemble
Oregon,1,0,0.023629830203129108,0.18903864162503287,0,1,8,0,0.02,0.19,0,1,8,wk inc rsv hosp,hosp,2026-10-03,2026-09-26,2026-09-23,"October 03, 2026","September 23, 2026","September 26, 2026",RSVHub-ensemble
Oregon,2,0,0.023629830203129108,0.2599281322344202,0,1,11,0,0.02,0.26,0,1,10,wk inc rsv hosp,hosp,2026-10-10,2026-09-26,2026-09-23,"October 10, 2026","September 23, 2026","September 26, 2026",RSVHub-ensemble
Oregon,0,NA,NA,NA,8.636325876331511e-6,9.813924751616746e-5,3.11013672007723e-4,NA,NA,NA,8.6e-6,9.8e-5,3.1e-4,wk inc rsv prop ed visits,prop_ed,2026-09-26,2026-09-26,2026-09-23,"September 26, 2026","September 23, 2026","September 26, 2026",RSVHub-ensemble
Oregon,1,NA,NA,NA,1.0973039428918128e-5,1.0344644709747855e-4,4.412938442270218e-4,NA,NA,NA,1.1e-5,1e-4,4.4e-4,wk inc rsv prop ed visits,prop_ed,2026-10-03,2026-09-26,2026-09-23,"October 03, 2026","September 23, 2026","September 26, 2026",RSVHub-ensemble
Oregon,2,NA,NA,NA,1.1409702161247013e-5,1.2134464158644666e-4,6.627416701390882e-4,NA,NA,NA,1.1e-5,1.2e-4,6.6e-4,wk inc rsv prop ed visits,prop_ed,2026-10-10,2026-09-26,2026-09-23,"October 10, 2026","September 23, 2026","September 26, 2026",RSVHub-ensemble
Pennsylvania,0,0.09260014493466018,0.3086671497822006,0.7176511232436165,12,40,93,0.09,0.31,0.72,10,40,90,wk inc rsv hosp,hosp,2026-09-26,2026-09-26,2026-09-23,"September 26, 2026","September 23, 2026","September 26, 2026",RSVHub-ensemble
Pennsylvania,1,0.08488346619010516,0.29323379229309054,0.8798942938478845,11,38,114.02499999999986,0.08,0.29,0.88,10,40,110,wk inc rsv hosp,hosp,2026-10-03,2026-09-26,2026-09-23,"October 03, 2026","September 23, 2026","September 26, 2026",RSVHub-ensemble
Pennsylvania,2,0.06945010870099513,0.27780043480398053,1.142261371162755,9,36,148.02499999999986,0.07,0.28,1.14,9,40,150,wk inc rsv hosp,hosp,2026-10-10,2026-09-26,2026-09-23,"October 10, 2026","September 23, 2026","September 26, 2026",RSVHub-ensemble
Pennsylvania,0,NA,NA,NA,3.2069773639604365e-5,7.958351733858301e-5,1.657914988048487e-4,NA,NA,NA,3.2e-5,8e-5,1.7e-4,wk inc rsv prop ed visits,prop_ed,2026-09-26,2026-09-26,2026-09-23,"September 26, 2026","September 23, 2026","September 26, 2026",RSVHub-ensemble
Pennsylvania,1,NA,NA,NA,2.9999683934243887e-5,8.864823027963638e-5,2.1716768043871724e-4,NA,NA,NA,3e-5,8.9e-5,2.2e-4,wk inc rsv prop ed visits,prop_ed,2026-10-03,2026-09-26,2026-09-23,"October 03, 2026","September 23, 2026","September 26, 2026",RSVHub-ensemble
Pennsylvania,2,NA,NA,NA,3.134685290976541e-5,1.0078244807373287e-4,2.9301871833445836e-4,NA,NA,NA,3.1e-5,1e-4,2.9e-4,wk inc rsv prop ed visits,prop_ed,2026-10-10,2026-09-26,2026-09-23,"October 10, 2026","September 23, 2026","September 26, 2026",RSVHub-ensemble
Puerto Rico,0,0.015216651642759278,0.22824977464138918,0.6847493239241675,0.5,7.5,22.5,0.02,0.23,0.68,1,8,20,wk inc rsv hosp,hosp,2026-09-26,2026-09-26,2026-09-23,"September 26, 2026","September 23, 2026","September 26, 2026",RSVHub-ensemble
Puerto Rico,1,0.015216651642759278,0.24346642628414844,0.9129990985655567,0.5,8,30,0.02,0.24,0.91,1,8,30,wk inc rsv hosp,hosp,2026-10-03,2026-09-26,2026-09-23,"October 03, 2026","September 23, 2026","September 26, 2026",RSVHub-ensemble
Puerto Rico,2,0.015216651642759278,0.2586830779269077,1.3542819962055759,0.5,8.5,44.5,0.02,0.26,1.35,1,9,40,wk inc rsv hosp,hosp,2026-10-10,2026-09-26,2026-09-23,"October 10, 2026","September 23, 2026","September 26, 2026",RSVHub-ensemble
Rhode Island,0,0,0.09154139227134334,0.54924835362806,0,1,6,0,0.09,0.55,0,1,6,wk inc rsv hosp,hosp,2026-09-26,2026-09-26,2026-09-23,"September 26, 2026","September 23, 2026","September 26, 2026",RSVHub-ensemble
Rhode Island,1,0,0.09154139227134334,0.82387253044209,0,1,9,0,0.09,0.82,0,1,9,wk inc rsv hosp,hosp,2026-10-03,2026-09-26,2026-09-23,"October 03, 2026","September 23, 2026","September 26, 2026",RSVHub-ensemble
Rhode Island,2,0,0.18308278454268667,1.3731208840701499,0,2,15,0,0.18,1.37,0,2,20,wk inc rsv hosp,hosp,2026-10-10,2026-09-26,2026-09-23,"October 10, 2026","September 23, 2026","September 26, 2026",RSVHub-ensemble
Rhode Island,0,NA,NA,NA,1.0625978706208507e-5,1.5554669942990682e-4,7.627417486805697e-4,NA,NA,NA,1.1e-5,1.6e-4,7.6e-4,wk inc rsv prop ed visits,prop_ed,2026-09-26,2026-09-26,2026-09-23,"September 26, 2026","September 23, 2026","September 26, 2026",RSVHub-ensemble
Rhode Island,1,NA,NA,NA,1.2184241985261289e-5,1.7471481396991975e-4,0.0010780900147158374,NA,NA,NA,1.2e-5,1.7e-4,0.0011,wk inc rsv prop ed visits,prop_ed,2026-10-03,2026-09-26,2026-09-23,"October 03, 2026","September 23, 2026","September 26, 2026",RSVHub-ensemble
Rhode Island,2,NA,NA,NA,1.048548891634522e-5,2.0605458938707924e-4,0.001660074604143582,NA,NA,NA,1e-5,2.1e-4,0.0017,wk inc rsv prop ed visits,prop_ed,2026-10-10,2026-09-26,2026-09-23,"October 10, 2026","September 23, 2026","September 26, 2026",RSVHub-ensemble
South Carolina,0,0.03748600834738434,0.1312010292158452,0.37486008347384336,2,7,20,0.04,0.13,0.37,2,7,20,wk inc rsv hosp,hosp,2026-09-26,2026-09-26,2026-09-23,"September 26, 2026","September 23, 2026","September 26, 2026",RSVHub-ensemble
South Carolina,1,0.03748600834738434,0.1312010292158452,0.5810331293844573,2,7,31,0.04,0.13,0.58,2,7,30,wk inc rsv hosp,hosp,2026-10-03,2026-09-26,2026-09-23,"October 03, 2026","September 23, 2026","September 26, 2026",RSVHub-ensemble
South Carolina,2,0.03748600834738434,0.16868703756322953,1.0496082337267616,2,9,56,0.04,0.17,1.05,2,9,60,wk inc rsv hosp,hosp,2026-10-10,2026-09-26,2026-09-23,"October 10, 2026","September 23, 2026","September 26, 2026",RSVHub-ensemble
South Carolina,0,NA,NA,NA,1.7709233578946373e-4,4.3039298046233305e-4,0.0010183844791928182,NA,NA,NA,1.8e-4,4.3e-4,0.001,wk inc rsv prop ed visits,prop_ed,2026-09-26,2026-09-26,2026-09-23,"September 26, 2026","September 23, 2026","September 26, 2026",RSVHub-ensemble
South Carolina,1,NA,NA,NA,1.825845336329458e-4,5.55094187057624e-4,0.0015724935597071182,NA,NA,NA,1.8e-4,5.6e-4,0.0016,wk inc rsv prop ed visits,prop_ed,2026-10-03,2026-09-26,2026-09-23,"October 03, 2026","September 23, 2026","September 26, 2026",RSVHub-ensemble
South Carolina,2,NA,NA,NA,2.0307927619460592e-4,7.120241463895128e-4,0.0026332463479892335,NA,NA,NA,2e-4,7.1e-4,0.0026,wk inc rsv prop ed visits,prop_ed,2026-10-10,2026-09-26,2026-09-23,"October 10, 2026","September 23, 2026","September 26, 2026",RSVHub-ensemble
South Dakota,0,0,0.10916959059220137,0.21833918118440274,0,1,2,0,0.11,0.22,0,1,2,wk inc rsv hosp,hosp,2026-09-26,2026-09-26,2026-09-23,"September 26, 2026","September 23, 2026","September 26, 2026",RSVHub-ensemble
South Dakota,1,0,0.10916959059220137,0.3275087717766041,0,1,3,0,0.11,0.33,0,1,3,wk inc rsv hosp,hosp,2026-10-03,2026-09-26,2026-09-23,"October 03, 2026","September 23, 2026","September 26, 2026",RSVHub-ensemble
South Dakota,2,0,0.10916959059220137,0.3275087717766041,0,1,3,0,0.11,0.33,0,1,3,wk inc rsv hosp,hosp,2026-10-10,2026-09-26,2026-09-23,"October 10, 2026","September 23, 2026","September 26, 2026",RSVHub-ensemble
South Dakota,0,NA,NA,NA,0,2.1221759123297912e-5,3.291409892106901e-4,NA,NA,NA,0,2.1e-5,3.3e-4,wk inc rsv prop ed visits,prop_ed,2026-09-26,2026-09-26,2026-09-23,"September 26, 2026","September 23, 2026","September 26, 2026",RSVHub-ensemble
South Dakota,1,NA,NA,NA,0,2.0926219087307923e-5,3.483753283696383e-4,NA,NA,NA,0,2.1e-5,3.5e-4,wk inc rsv prop ed visits,prop_ed,2026-10-03,2026-09-26,2026-09-23,"October 03, 2026","September 23, 2026","September 26, 2026",RSVHub-ensemble
South Dakota,2,NA,NA,NA,0,2.0792385810642664e-5,4.143692954530479e-4,NA,NA,NA,0,2.1e-5,4.1e-4,wk inc rsv prop ed visits,prop_ed,2026-10-10,2026-09-26,2026-09-23,"October 10, 2026","September 23, 2026","September 26, 2026",RSVHub-ensemble
Tennessee,0,0.014071016702718956,0.07035508351359478,0.25327830064894125,1,5,18,0.01,0.07,0.25,1,5,20,wk inc rsv hosp,hosp,2026-09-26,2026-09-26,2026-09-23,"September 26, 2026","September 23, 2026","September 26, 2026",RSVHub-ensemble
Tennessee,1,0.014071016702718956,0.08442610021631373,0.33770440086525494,1,6,24,0.01,0.08,0.34,1,6,20,wk inc rsv hosp,hosp,2026-10-03,2026-09-26,2026-09-23,"October 03, 2026","September 23, 2026","September 26, 2026",RSVHub-ensemble
Tennessee,2,0,0.0984971169190327,0.5065566012978825,0,7,36,0,0.1,0.51,0,7,40,wk inc rsv hosp,hosp,2026-10-10,2026-09-26,2026-09-23,"October 10, 2026","September 23, 2026","September 26, 2026",RSVHub-ensemble
Tennessee,0,NA,NA,NA,2.2494349807264125e-4,4.282709884340216e-4,7.518425151123738e-4,NA,NA,NA,2.2e-4,4.3e-4,7.5e-4,wk inc rsv prop ed visits,prop_ed,2026-09-26,2026-09-26,2026-09-23,"September 26, 2026","September 23, 2026","September 26, 2026",RSVHub-ensemble
Tennessee,1,NA,NA,NA,2.183994895140026e-4,4.9026981442208e-4,9.9351971786532e-4,NA,NA,NA,2.2e-4,4.9e-4,9.9e-4,wk inc rsv prop ed visits,prop_ed,2026-10-03,2026-09-26,2026-09-23,"October 03, 2026","September 23, 2026","September 26, 2026",RSVHub-ensemble
Tennessee,2,NA,NA,NA,2.1689965091661631e-4,5.510502594247529e-4,0.0013629236501783884,NA,NA,NA,2.2e-4,5.5e-4,0.0014,wk inc rsv prop ed visits,prop_ed,2026-10-10,2026-09-26,2026-09-23,"October 10, 2026","September 23, 2026","September 26, 2026",RSVHub-ensemble
Texas,0,0.08226088717906162,0.15136003240947338,0.2994296293317843,25,46,91,0.08,0.15,0.3,30,50,90,wk inc rsv hosp,hosp,2026-09-26,2026-09-26,2026-09-23,"September 26, 2026","September 23, 2026","September 26, 2026",RSVHub-ensemble
Texas,1,0.07888819080472009,0.17110264533244815,0.3982249548338368,23.975,52,121.02499999999986,0.08,0.17,0.4,20,50,120,wk inc rsv hosp,hosp,2026-10-03,2026-09-26,2026-09-23,"October 03, 2026","September 23, 2026","September 26, 2026",RSVHub-ensemble
Texas,2,0.07568001620473669,0.19084525825542295,0.6254295252224041,23,58,190.0749999999996,0.08,0.19,0.63,20,60,190,wk inc rsv hosp,hosp,2026-10-10,2026-09-26,2026-09-23,"October 10, 2026","September 23, 2026","September 26, 2026",RSVHub-ensemble
Texas,0,NA,NA,NA,3.485796008019425e-4,5.436839191102257e-4,8.543878695228531e-4,NA,NA,NA,3.5e-4,5.4e-4,8.5e-4,wk inc rsv prop ed visits,prop_ed,2026-09-26,2026-09-26,2026-09-23,"September 26, 2026","September 23, 2026","September 26, 2026",RSVHub-ensemble
Texas,1,NA,NA,NA,3.4389358475152016e-4,6.14321954539571e-4,0.0011447852440315122,NA,NA,NA,3.4e-4,6.1e-4,0.0011,wk inc rsv prop ed visits,prop_ed,2026-10-03,2026-09-26,2026-09-23,"October 03, 2026","September 23, 2026","September 26, 2026",RSVHub-ensemble
Texas,2,NA,NA,NA,3.3456597244176214e-4,7.069788106025753e-4,0.0017109910411571443,NA,NA,NA,3.3e-4,7.1e-4,0.0017,wk inc rsv prop ed visits,prop_ed,2026-10-10,2026-09-26,2026-09-23,"October 10, 2026","September 23, 2026","September 26, 2026",RSVHub-ensemble
Utah,0,0,0.08789166356360265,0.20508054831507286,0,3,7,0,0.09,0.21,0,3,7,wk inc rsv hosp,hosp,2026-09-26,2026-09-26,2026-09-23,"September 26, 2026","September 23, 2026","September 26, 2026",RSVHub-ensemble
Utah,1,0,0.08789166356360265,0.26367499069080796,0,3,9,0,0.09,0.26,0,3,9,wk inc rsv hosp,hosp,2026-10-03,2026-09-26,2026-09-23,"October 03, 2026","September 23, 2026","September 26, 2026",RSVHub-ensemble
Utah,2,0,0.08789166356360265,0.3222694330665431,0,3,11,0,0.09,0.32,0,3,10,wk inc rsv hosp,hosp,2026-10-10,2026-09-26,2026-09-23,"October 10, 2026","September 23, 2026","September 26, 2026",RSVHub-ensemble
Utah,0,NA,NA,NA,0,4.327094976305616e-5,2.767306485469571e-4,NA,NA,NA,0,4.3e-5,2.8e-4,wk inc rsv prop ed visits,prop_ed,2026-09-26,2026-09-26,2026-09-23,"September 26, 2026","September 23, 2026","September 26, 2026",RSVHub-ensemble
Utah,1,NA,NA,NA,0,4.0071403076436936e-5,3.4962431912776765e-4,NA,NA,NA,0,4e-5,3.5e-4,wk inc rsv prop ed visits,prop_ed,2026-10-03,2026-09-26,2026-09-23,"October 03, 2026","September 23, 2026","September 26, 2026",RSVHub-ensemble
Utah,2,NA,NA,NA,0,3.8393610187350615e-5,4.3479706642804395e-4,NA,NA,NA,0,3.8e-5,4.3e-4,wk inc rsv prop ed visits,prop_ed,2026-10-10,2026-09-26,2026-09-23,"October 10, 2026","September 23, 2026","September 26, 2026",RSVHub-ensemble
Vermont,0,0,0.1544842928095286,0.4634528784285858,0,1,3,0,0.15,0.46,0,1,3,wk inc rsv hosp,hosp,2026-09-26,2026-09-26,2026-09-23,"September 26, 2026","September 23, 2026","September 26, 2026",RSVHub-ensemble
Vermont,1,0,0.1544842928095286,0.7724214640476429,0,1,5,0,0.15,0.77,0,1,5,wk inc rsv hosp,hosp,2026-10-03,2026-09-26,2026-09-23,"October 03, 2026","September 23, 2026","September 26, 2026",RSVHub-ensemble
Vermont,2,0,0.1544842928095286,1.5448429280952858,0,1,10,0,0.15,1.54,0,1,10,wk inc rsv hosp,hosp,2026-10-10,2026-09-26,2026-09-23,"October 10, 2026","September 23, 2026","September 26, 2026",RSVHub-ensemble
Vermont,0,NA,NA,NA,0,3.0427617793436958e-5,5.596422732033273e-4,NA,NA,NA,0,3e-5,5.6e-4,wk inc rsv prop ed visits,prop_ed,2026-09-26,2026-09-26,2026-09-23,"September 26, 2026","September 23, 2026","September 26, 2026",RSVHub-ensemble
Vermont,1,NA,NA,NA,0,3.0193371204349584e-5,7.261074758334693e-4,NA,NA,NA,0,3e-5,7.3e-4,wk inc rsv prop ed visits,prop_ed,2026-10-03,2026-09-26,2026-09-23,"October 03, 2026","September 23, 2026","September 26, 2026",RSVHub-ensemble
Vermont,2,NA,NA,NA,0,3.0173669813864252e-5,0.0011804756189226669,NA,NA,NA,0,3e-5,0.0012,wk inc rsv prop ed visits,prop_ed,2026-10-10,2026-09-26,2026-09-23,"October 10, 2026","September 23, 2026","September 26, 2026",RSVHub-ensemble
Virginia,0,0.011606340776092796,0.06963804465655678,0.13927608931311355,1,6,12,0.01,0.07,0.14,1,6,10,wk inc rsv hosp,hosp,2026-09-26,2026-09-26,2026-09-23,"September 26, 2026","September 23, 2026","September 26, 2026",RSVHub-ensemble
Virginia,1,0.011606340776092796,0.06963804465655678,0.19730779319357752,1,6,17,0.01,0.07,0.2,1,6,20,wk inc rsv hosp,hosp,2026-10-03,2026-09-26,2026-09-23,"October 03, 2026","September 23, 2026","September 26, 2026",RSVHub-ensemble
Virginia,2,0.011606340776092796,0.06963804465655678,0.3017648601784127,1,6,26,0.01,0.07,0.3,1,6,30,wk inc rsv hosp,hosp,2026-10-10,2026-09-26,2026-09-23,"October 10, 2026","September 23, 2026","September 26, 2026",RSVHub-ensemble
Virginia,0,NA,NA,NA,1.453332670302752e-4,2.7798502532634927e-4,4.956679729310801e-4,NA,NA,NA,1.5e-4,2.8e-4,5e-4,wk inc rsv prop ed visits,prop_ed,2026-09-26,2026-09-26,2026-09-23,"September 26, 2026","September 23, 2026","September 26, 2026",RSVHub-ensemble
Virginia,1,NA,NA,NA,1.38293685620732e-4,3.015807275612886e-4,5.943656542606798e-4,NA,NA,NA,1.4e-4,3e-4,5.9e-4,wk inc rsv prop ed visits,prop_ed,2026-10-03,2026-09-26,2026-09-23,"October 03, 2026","September 23, 2026","September 26, 2026",RSVHub-ensemble
Virginia,2,NA,NA,NA,1.3441793803291508e-4,3.3299290902697994e-4,7.675424247390002e-4,NA,NA,NA,1.3e-4,3.3e-4,7.7e-4,wk inc rsv prop ed visits,prop_ed,2026-10-10,2026-09-26,2026-09-23,"October 10, 2026","September 23, 2026","September 26, 2026",RSVHub-ensemble
Washington,0,0,0.025759648823859515,0.12879824411929755,0,2,10,0,0.03,0.13,0,2,10,wk inc rsv hosp,hosp,2026-09-26,2026-09-26,2026-09-23,"September 26, 2026","September 23, 2026","September 26, 2026",RSVHub-ensemble
Washington,1,0,0.025759648823859515,0.14167806853122733,0,2,11,0,0.03,0.14,0,2,10,wk inc rsv hosp,hosp,2026-10-03,2026-09-26,2026-09-23,"October 03, 2026","September 23, 2026","September 26, 2026",RSVHub-ensemble
Washington,2,0,0.03863947323578927,0.16743771735508683,0,3,13,0,0.04,0.17,0,3,10,wk inc rsv hosp,hosp,2026-10-10,2026-09-26,2026-09-23,"October 10, 2026","September 23, 2026","September 26, 2026",RSVHub-ensemble
Washington,0,NA,NA,NA,4.6521303895424034e-5,1.2975852031980758e-4,3.000199718270255e-4,NA,NA,NA,4.7e-5,1.3e-4,3e-4,wk inc rsv prop ed visits,prop_ed,2026-09-26,2026-09-26,2026-09-23,"September 26, 2026","September 23, 2026","September 26, 2026",RSVHub-ensemble
Washington,1,NA,NA,NA,4.466199449523501e-5,1.3747141703713024e-4,3.555648812022971e-4,NA,NA,NA,4.5e-5,1.4e-4,3.6e-4,wk inc rsv prop ed visits,prop_ed,2026-10-03,2026-09-26,2026-09-23,"October 03, 2026","September 23, 2026","September 26, 2026",RSVHub-ensemble
Washington,2,NA,NA,NA,4.940005903007065e-5,1.549509975679742e-4,4.1545675730499717e-4,NA,NA,NA,4.9e-5,1.5e-4,4.2e-4,wk inc rsv prop ed visits,prop_ed,2026-10-10,2026-09-26,2026-09-23,"October 10, 2026","September 23, 2026","September 26, 2026",RSVHub-ensemble
West Virginia,0,0,0.1130019475885667,0.3969193409048328,0,2,7.024999999999864,0,0.11,0.4,0,2,7,wk inc rsv hosp,hosp,2026-09-26,2026-09-26,2026-09-23,"September 26, 2026","September 23, 2026","September 26, 2026",RSVHub-ensemble
West Virginia,1,0,0.1130019475885667,0.7345126593256834,0,2,13,0,0.11,0.73,0,2,10,wk inc rsv hosp,hosp,2026-10-03,2026-09-26,2026-09-23,"October 03, 2026","September 23, 2026","September 26, 2026",RSVHub-ensemble
West Virginia,2,0,0.16950292138285003,1.3560233710628002,0,3,24,0,0.17,1.36,0,3,20,wk inc rsv hosp,hosp,2026-10-10,2026-09-26,2026-09-23,"October 10, 2026","September 23, 2026","September 26, 2026",RSVHub-ensemble
West Virginia,0,NA,NA,NA,2.378737874906506e-5,2.0243626878753537e-4,7.374147905594655e-4,NA,NA,NA,2.4e-5,2e-4,7.4e-4,wk inc rsv prop ed visits,prop_ed,2026-09-26,2026-09-26,2026-09-23,"September 26, 2026","September 23, 2026","September 26, 2026",RSVHub-ensemble
West Virginia,1,NA,NA,NA,2.4056094806815242e-5,2.36911021916915e-4,0.001046608189063011,NA,NA,NA,2.4e-5,2.4e-4,0.001,wk inc rsv prop ed visits,prop_ed,2026-10-03,2026-09-26,2026-09-23,"October 03, 2026","September 23, 2026","September 26, 2026",RSVHub-ensemble
West Virginia,2,NA,NA,NA,2.200076298094331e-5,2.709160143210147e-4,0.0016328168275592028,NA,NA,NA,2.2e-5,2.7e-4,0.0016,wk inc rsv prop ed visits,prop_ed,2026-10-10,2026-09-26,2026-09-23,"October 10, 2026","September 23, 2026","September 26, 2026",RSVHub-ensemble
Wisconsin,0,0,0.016921682055808383,0.10153009233485032,0,1,6,0,0.02,0.1,0,1,6,wk inc rsv hosp,hosp,2026-09-26,2026-09-26,2026-09-23,"September 26, 2026","September 23, 2026","September 26, 2026",RSVHub-ensemble
Wisconsin,1,0,0.016921682055808383,0.13537345644646706,0,1,8,0,0.02,0.14,0,1,8,wk inc rsv hosp,hosp,2026-10-03,2026-09-26,2026-09-23,"October 03, 2026","September 23, 2026","September 26, 2026",RSVHub-ensemble
Wisconsin,2,0,0.016921682055808383,0.16921682055808385,0,1,10,0,0.02,0.17,0,1,10,wk inc rsv hosp,hosp,2026-10-10,2026-09-26,2026-09-23,"October 10, 2026","September 23, 2026","September 26, 2026",RSVHub-ensemble
Wisconsin,0,NA,NA,NA,2.9989757949643013e-6,3.154744803993171e-5,1.1262751770690579e-4,NA,NA,NA,3e-6,3.2e-5,1.1e-4,wk inc rsv prop ed visits,prop_ed,2026-09-26,2026-09-26,2026-09-23,"September 26, 2026","September 23, 2026","September 26, 2026",RSVHub-ensemble
Wisconsin,1,NA,NA,NA,3.332256613387119e-6,3.3508232909108624e-5,1.6281614730190603e-4,NA,NA,NA,3.3e-6,3.4e-5,1.6e-4,wk inc rsv prop ed visits,prop_ed,2026-10-03,2026-09-26,2026-09-23,"October 03, 2026","September 23, 2026","September 26, 2026",RSVHub-ensemble
Wisconsin,2,NA,NA,NA,3.40008753861168e-6,3.770269494540037e-5,2.739322276874331e-4,NA,NA,NA,3.4e-6,3.8e-5,2.7e-4,wk inc rsv prop ed visits,prop_ed,2026-10-10,2026-09-26,2026-09-23,"October 10, 2026","September 23, 2026","September 26, 2026",RSVHub-ensemble
Wyoming,0,0.08601469819162698,0.17202939638325396,0.3440587927665079,0.5,1,2,0.09,0.17,0.34,1,1,2,wk inc rsv hosp,hosp,2026-09-26,2026-09-26,2026-09-23,"September 26, 2026","September 23, 2026","September 26, 2026",RSVHub-ensemble
Wyoming,1,0,0.17202939638325396,0.5160881891497618,0,1,3,0,0.17,0.52,0,1,3,wk inc rsv hosp,hosp,2026-10-03,2026-09-26,2026-09-23,"October 03, 2026","September 23, 2026","September 26, 2026",RSVHub-ensemble
Wyoming,2,0,0.17202939638325396,0.6021028873413888,0,1,3.5,0,0.17,0.6,0,1,4,wk inc rsv hosp,hosp,2026-10-10,2026-09-26,2026-09-23,"October 10, 2026","September 23, 2026","September 26, 2026",RSVHub-ensemble
