location_name,horizon,quantile_0.025_per100k,quantile_0.5_per100k,quantile_0.975_per100k,quantile_0.025,quantile_0.5,quantile_0.975,quantile_0.025_per100k_rounded,quantile_0.5_per100k_rounded,quantile_0.975_per100k_rounded,quantile_0.025_rounded,quantile_0.5_rounded,quantile_0.975_rounded,target,target_data_type,target_end_date,reference_date,forecast_due_date,target_end_date_formatted,forecast_due_date_formatted,reference_date_formatted,model
United States,0,NA,NA,NA,0.004106959859504506,0.005790640198834588,0.008145589932952176,NA,NA,NA,0.0041,0.0058,0.0081,wk inc rsv prop ed visits,prop_ed,2026-02-28,2026-02-28,2026-02-25,"February 28, 2026","February 25, 2026","February 28, 2026",RSVHub-ensemble
United States,1,NA,NA,NA,0.003269201234623014,0.005686227518268246,0.010035807591832986,NA,NA,NA,0.0033,0.0057,0.01,wk inc rsv prop ed visits,prop_ed,2026-03-07,2026-02-28,2026-02-25,"March 07, 2026","February 25, 2026","February 28, 2026",RSVHub-ensemble
United States,2,NA,NA,NA,0.001748702586726313,0.004073205371844366,0.008561600239320798,NA,NA,NA,0.0017,0.0041,0.0086,wk inc rsv prop ed visits,prop_ed,2026-03-14,2026-02-28,2026-02-25,"March 14, 2026","February 25, 2026","February 28, 2026",RSVHub-ensemble
United States,0,1.527472432476835,2.2015921039072057,2.8707864080786236,5099.4625,7350.0091625000005,9584.1125,1.53,2.2,2.87,5100,7400,9600,wk inc rsv hosp,hosp,2026-02-28,2026-02-28,2026-02-25,"February 28, 2026","February 25, 2026","February 28, 2026",RSVHub-ensemble
United States,1,1.313585030850587,2.153356427404145,3.047259520873529,4385.4,7188.9744896249995,10173.2675,1.31,2.15,3.05,4400,7200,10200,wk inc rsv hosp,hosp,2026-03-07,2026-02-28,2026-02-25,"March 07, 2026","February 25, 2026","February 28, 2026",RSVHub-ensemble
United States,2,0.9731923576489162,1.840049446918219,2.8312059088298063,3249,6143,9451.9731125,0.97,1.84,2.83,3200,6100,9500,wk inc rsv hosp,hosp,2026-03-14,2026-02-28,2026-02-25,"March 14, 2026","February 25, 2026","February 28, 2026",RSVHub-ensemble
Alabama,0,NA,NA,NA,0.0021648820731665387,0.0034486698404467206,0.005218079380214381,NA,NA,NA,0.0022,0.0034,0.0052,wk inc rsv prop ed visits,prop_ed,2026-02-28,2026-02-28,2026-02-25,"February 28, 2026","February 25, 2026","February 28, 2026",RSVHub-ensemble
Alabama,1,NA,NA,NA,0.0016918178669640509,0.0033408887540496593,0.006482215238357868,NA,NA,NA,0.0017,0.0033,0.0065,wk inc rsv prop ed visits,prop_ed,2026-03-07,2026-02-28,2026-02-25,"March 07, 2026","February 25, 2026","February 28, 2026",RSVHub-ensemble
Alabama,2,NA,NA,NA,9.148961451393322e-4,0.002325426626468972,0.005127730649673161,NA,NA,NA,9.1e-4,0.0023,0.0051,wk inc rsv prop ed visits,prop_ed,2026-03-14,2026-02-28,2026-02-25,"March 14, 2026","February 25, 2026","February 28, 2026",RSVHub-ensemble
Alabama,0,0.6915343056926908,1.2163156582396264,1.932372457041987,35.25,62,98.5,0.69,1.22,1.93,40,60,100,wk inc rsv hosp,hosp,2026-02-28,2026-02-28,2026-02-25,"February 28, 2026","February 25, 2026","February 28, 2026",RSVHub-ensemble
Alabama,1,0.5689218401443414,1.118225685800947,2.1089344074316103,29,57,107.5,0.57,1.12,2.11,30,60,110,wk inc rsv hosp,hosp,2026-03-07,2026-02-28,2026-02-25,"March 07, 2026","February 25, 2026","February 28, 2026",RSVHub-ensemble
Alabama,2,0.43159587873019,0.882809751948116,1.6282935424820806,22,45,83,0.43,0.88,1.63,20,50,80,wk inc rsv hosp,hosp,2026-03-14,2026-02-28,2026-02-25,"March 14, 2026","February 25, 2026","February 28, 2026",RSVHub-ensemble
Alaska,0,NA,NA,NA,0.0036599620657994172,0.006312135797047336,0.010041156814218268,NA,NA,NA,0.0037,0.0063,0.01,wk inc rsv prop ed visits,prop_ed,2026-02-28,2026-02-28,2026-02-25,"February 28, 2026","February 25, 2026","February 28, 2026",RSVHub-ensemble
Alaska,1,NA,NA,NA,0.0026047295420680554,0.00555980849179269,0.01108334961148721,NA,NA,NA,0.0026,0.0056,0.011,wk inc rsv prop ed visits,prop_ed,2026-03-07,2026-02-28,2026-02-25,"March 07, 2026","February 25, 2026","February 28, 2026",RSVHub-ensemble
Alaska,2,NA,NA,NA,0.002041747893354068,0.004650483200905201,0.010258158171406268,NA,NA,NA,0.002,0.0047,0.01,wk inc rsv prop ed visits,prop_ed,2026-03-14,2026-02-28,2026-02-25,"March 14, 2026","February 25, 2026","February 28, 2026",RSVHub-ensemble
Alaska,0,0.421519408861181,1.3348114613937399,2.8803826272180704,3,9.5,20.5,0.42,1.33,2.88,3,10,20,wk inc rsv hosp,hosp,2026-02-28,2026-02-28,2026-02-25,"February 28, 2026","February 25, 2026","February 28, 2026",RSVHub-ensemble
Alaska,1,0.3512661740509842,1.2294316091784447,3.0577720451138073,2.5,8.75,21.762499999999932,0.35,1.23,3.06,3,9,20,wk inc rsv hosp,hosp,2026-03-07,2026-02-28,2026-02-25,"March 07, 2026","February 25, 2026","February 28, 2026",RSVHub-ensemble
Alaska,2,0.28101293924078735,1.264558226583543,2.529116453167086,2,9,18,0.28,1.26,2.53,2,9,20,wk inc rsv hosp,hosp,2026-03-14,2026-02-28,2026-02-25,"March 14, 2026","February 25, 2026","February 28, 2026",RSVHub-ensemble
Arizona,0,NA,NA,NA,0.002376961630023094,0.0036022131774550714,0.005280037725473422,NA,NA,NA,0.0024,0.0036,0.0053,wk inc rsv prop ed visits,prop_ed,2026-02-28,2026-02-28,2026-02-25,"February 28, 2026","February 25, 2026","February 28, 2026",RSVHub-ensemble
Arizona,1,NA,NA,NA,0.0020836392016202686,0.003843594419933693,0.0068721614929479705,NA,NA,NA,0.0021,0.0038,0.0069,wk inc rsv prop ed visits,prop_ed,2026-03-07,2026-02-28,2026-02-25,"March 07, 2026","February 25, 2026","February 28, 2026",RSVHub-ensemble
Arizona,2,NA,NA,NA,8.300666347393631e-4,0.002128609132515672,0.00470820581986804,NA,NA,NA,8.3e-4,0.0021,0.0047,wk inc rsv prop ed visits,prop_ed,2026-03-14,2026-02-28,2026-02-25,"March 14, 2026","February 25, 2026","February 28, 2026",RSVHub-ensemble
Arizona,0,0.9239219718895729,1.6455252638033266,2.731470778573534,68.5,122,202.51249999999993,0.92,1.65,2.73,70,120,200,wk inc rsv hosp,hosp,2026-02-28,2026-02-28,2026-02-25,"February 28, 2026","February 25, 2026","February 28, 2026",RSVHub-ensemble
Arizona,1,0.903690103891991,1.7871483397863999,3.1291955836259984,67,132.5,232,0.9,1.79,3.13,70,130,230,wk inc rsv hosp,hosp,2026-03-07,2026-02-28,2026-02-25,"March 07, 2026","February 25, 2026","February 28, 2026",RSVHub-ensemble
Arizona,2,0.7755549399073057,1.6590131758017148,2.670606575680809,57.5,123,198,0.78,1.66,2.67,60,120,200,wk inc rsv hosp,hosp,2026-03-14,2026-02-28,2026-02-25,"March 14, 2026","February 25, 2026","February 28, 2026",RSVHub-ensemble
Arkansas,0,NA,NA,NA,0.005426819063520553,0.008691601606759107,0.013307234912273421,NA,NA,NA,0.0054,0.0087,0.013,wk inc rsv prop ed visits,prop_ed,2026-02-28,2026-02-28,2026-02-25,"February 28, 2026","February 25, 2026","February 28, 2026",RSVHub-ensemble
Arkansas,1,NA,NA,NA,0.00412956895576262,0.008040279237334656,0.015030796505955154,NA,NA,NA,0.0041,0.008,0.015,wk inc rsv prop ed visits,prop_ed,2026-03-07,2026-02-28,2026-02-25,"March 07, 2026","February 25, 2026","February 28, 2026",RSVHub-ensemble
Arkansas,2,NA,NA,NA,0.003709083570723914,0.00825598524994198,0.017594653366999488,NA,NA,NA,0.0037,0.0083,0.018,wk inc rsv prop ed visits,prop_ed,2026-03-14,2026-02-28,2026-02-25,"March 14, 2026","February 25, 2026","February 28, 2026",RSVHub-ensemble
Arkansas,0,1.1749439290647186,1.9582398817745308,3.214777139246521,36,60,98.5,1.17,1.96,3.21,40,60,100,wk inc rsv hosp,hosp,2026-02-28,2026-02-28,2026-02-25,"February 28, 2026","February 25, 2026","February 28, 2026",RSVHub-ensemble
Arkansas,1,0.9872792737279926,1.7950532249599864,3.1739804750428853,30.25,55,97.25,0.99,1.8,3.17,30,60,100,wk inc rsv hosp,hosp,2026-03-07,2026-02-28,2026-02-25,"March 07, 2026","February 25, 2026","February 28, 2026",RSVHub-ensemble
Arkansas,2,0.6201092958952681,1.305493254516354,2.6436238403956165,19,40,81,0.62,1.31,2.64,20,40,80,wk inc rsv hosp,hosp,2026-03-14,2026-02-28,2026-02-25,"March 14, 2026","February 25, 2026","February 28, 2026",RSVHub-ensemble
California,0,NA,NA,NA,0.0032230482328345134,0.004666769553018875,0.006784398803575934,NA,NA,NA,0.0032,0.0047,0.0068,wk inc rsv prop ed visits,prop_ed,2026-02-28,2026-02-28,2026-02-25,"February 28, 2026","February 25, 2026","February 28, 2026",RSVHub-ensemble
California,1,NA,NA,NA,0.0023899323029471353,0.0042466214785153705,0.007471639547664147,NA,NA,NA,0.0024,0.0042,0.0075,wk inc rsv prop ed visits,prop_ed,2026-03-07,2026-02-28,2026-02-25,"March 07, 2026","February 25, 2026","February 28, 2026",RSVHub-ensemble
California,2,NA,NA,NA,0.001316600982203313,0.003182172087445671,0.006775925189227298,NA,NA,NA,0.0013,0.0032,0.0068,wk inc rsv prop ed visits,prop_ed,2026-03-14,2026-02-28,2026-02-25,"March 14, 2026","February 25, 2026","February 28, 2026",RSVHub-ensemble
California,0,0.9554915304689894,1.3817238270588141,1.7744842708709805,371,536.4982561249999,689,0.96,1.38,1.77,370,540,690,wk inc rsv hosp,hosp,2026-02-28,2026-02-28,2026-02-25,"February 28, 2026","February 25, 2026","February 28, 2026",RSVHub-ensemble
California,1,0.7340029277187655,1.3345916240788294,1.7313135184564261,285,518.1976781,672.23758125,0.73,1.33,1.73,290,520,670,wk inc rsv hosp,hosp,2026-03-07,2026-02-28,2026-02-25,"March 07, 2026","February 25, 2026","February 28, 2026",RSVHub-ensemble
California,2,0.5080072894474613,1.0710999303408686,1.7690715031012398,197.25,415.888641065625,686.898320625,0.51,1.07,1.77,200,420,690,wk inc rsv hosp,hosp,2026-03-14,2026-02-28,2026-02-25,"March 14, 2026","February 25, 2026","February 28, 2026",RSVHub-ensemble
Colorado,0,NA,NA,NA,0.006854290960037194,0.009743945982520747,0.01377835550593134,NA,NA,NA,0.0069,0.0097,0.014,wk inc rsv prop ed visits,prop_ed,2026-02-28,2026-02-28,2026-02-25,"February 28, 2026","February 25, 2026","February 28, 2026",RSVHub-ensemble
Colorado,1,NA,NA,NA,0.005859620937245331,0.009822541726868516,0.01606186086593927,NA,NA,NA,0.0059,0.0098,0.016,wk inc rsv prop ed visits,prop_ed,2026-03-07,2026-02-28,2026-02-25,"March 07, 2026","February 25, 2026","February 28, 2026",RSVHub-ensemble
Colorado,2,NA,NA,NA,0.0030944015141463658,0.007039552256299611,0.015113880467779516,NA,NA,NA,0.0031,0.007,0.015,wk inc rsv prop ed visits,prop_ed,2026-03-14,2026-02-28,2026-02-25,"March 14, 2026","February 25, 2026","February 28, 2026",RSVHub-ensemble
Colorado,0,3.542508475922152,4.872158258528503,5.828737290823003,207,284.69565178749997,340.591597,3.54,4.87,5.83,210,280,340,wk inc rsv hosp,hosp,2026-02-28,2026-02-28,2026-02-25,"February 28, 2026","February 25, 2026","February 28, 2026",RSVHub-ensemble
Colorado,1,3.28580496317417,5.1340702549596395,6.560362072603626,192,300,383.34275225,3.29,5.13,6.56,190,300,380,wk inc rsv hosp,hosp,2026-03-07,2026-02-28,2026-02-25,"March 07, 2026","February 25, 2026","February 28, 2026",RSVHub-ensemble
Colorado,2,2.293218047215306,4.282670271012167,5.944597104478501,134,250.25,347.3616531875,2.29,4.28,5.94,130,250,350,wk inc rsv hosp,hosp,2026-03-14,2026-02-28,2026-02-25,"March 14, 2026","February 25, 2026","February 28, 2026",RSVHub-ensemble
Connecticut,0,NA,NA,NA,0.00313160933827561,0.00538599062423935,0.008810331861987082,NA,NA,NA,0.0031,0.0054,0.0088,wk inc rsv prop ed visits,prop_ed,2026-02-28,2026-02-28,2026-02-25,"February 28, 2026","February 25, 2026","February 28, 2026",RSVHub-ensemble
Connecticut,1,NA,NA,NA,0.0022962254943825213,0.004663842940786232,0.008774084929154309,NA,NA,NA,0.0023,0.0047,0.0088,wk inc rsv prop ed visits,prop_ed,2026-03-07,2026-02-28,2026-02-25,"March 07, 2026","February 25, 2026","February 28, 2026",RSVHub-ensemble
Connecticut,2,NA,NA,NA,0.0017832121982224347,0.004034332208240871,0.008639323354577256,NA,NA,NA,0.0018,0.004,0.0086,wk inc rsv prop ed visits,prop_ed,2026-03-14,2026-02-28,2026-02-25,"March 14, 2026","February 25, 2026","February 28, 2026",RSVHub-ensemble
Connecticut,0,2.408421835915051,3.3773271722027154,4.567696585356131,87,122,165,2.41,3.38,4.57,90,120,170,wk inc rsv hosp,hosp,2026-02-28,2026-02-28,2026-02-25,"February 28, 2026","February 25, 2026","February 28, 2026",RSVHub-ensemble
Connecticut,1,2.186957759049299,3.349644162594496,5.038307748695853,79,121,182,2.19,3.35,5.04,80,120,180,wk inc rsv hosp,hosp,2026-03-07,2026-02-28,2026-02-25,"March 07, 2026","February 25, 2026","February 28, 2026",RSVHub-ensemble
Connecticut,2,1.5364070332561532,2.782142465626007,4.6984261430453085,55.5,100.5,169.7223751875,1.54,2.78,4.7,60,100,170,wk inc rsv hosp,hosp,2026-03-14,2026-02-28,2026-02-25,"March 14, 2026","February 25, 2026","February 28, 2026",RSVHub-ensemble
Delaware,0,NA,NA,NA,0.005656879645859605,0.008889096537803252,0.013596372335768981,NA,NA,NA,0.0057,0.0089,0.014,wk inc rsv prop ed visits,prop_ed,2026-02-28,2026-02-28,2026-02-25,"February 28, 2026","February 25, 2026","February 28, 2026",RSVHub-ensemble
Delaware,1,NA,NA,NA,0.004155438603247276,0.008058081980563934,0.014978098074022662,NA,NA,NA,0.0042,0.0081,0.015,wk inc rsv prop ed visits,prop_ed,2026-03-07,2026-02-28,2026-02-25,"March 07, 2026","February 25, 2026","February 28, 2026",RSVHub-ensemble
Delaware,2,NA,NA,NA,0.0031389164949170803,0.006974847899640658,0.014885372704730311,NA,NA,NA,0.0031,0.007,0.015,wk inc rsv prop ed visits,prop_ed,2026-03-14,2026-02-28,2026-02-25,"March 14, 2026","February 25, 2026","February 28, 2026",RSVHub-ensemble
Delaware,0,1.1911221050871124,2.5037872821218894,5.736832995929765,12.25,25.75,59,1.19,2.5,5.74,10,30,60,wk inc rsv hosp,hosp,2026-02-28,2026-02-28,2026-02-25,"February 28, 2026","February 25, 2026","February 28, 2026",RSVHub-ensemble
Delaware,1,1.020961804360382,2.163466680668429,5.7611416103192985,10.5,22.25,59.25,1.02,2.16,5.76,10,20,60,wk inc rsv hosp,hosp,2026-03-07,2026-02-28,2026-02-25,"March 07, 2026","February 25, 2026","February 28, 2026",RSVHub-ensemble
Delaware,2,0.48617228779065813,1.798837464825435,3.59767492965087,5,18.5,37,0.49,1.8,3.6,5,20,40,wk inc rsv hosp,hosp,2026-03-14,2026-02-28,2026-02-25,"March 14, 2026","February 25, 2026","February 28, 2026",RSVHub-ensemble
District of Columbia,0,NA,NA,NA,1.8173695126234472e-4,0.00641444324301161,0.25513324869213494,NA,NA,NA,1.8e-4,0.0064,0.26,wk inc rsv prop ed visits,prop_ed,2026-02-28,2026-02-28,2026-02-25,"February 28, 2026","February 25, 2026","February 28, 2026",RSVHub-ensemble
District of Columbia,1,NA,NA,NA,1.4458662835438116e-4,0.005200975341563004,0.23851795920042043,NA,NA,NA,1.4e-4,0.0052,0.24,wk inc rsv prop ed visits,prop_ed,2026-03-07,2026-02-28,2026-02-25,"March 07, 2026","February 25, 2026","February 28, 2026",RSVHub-ensemble
District of Columbia,2,NA,NA,NA,1.7860016995593586e-4,6.441338864805891e-4,0.0015737870157175571,NA,NA,NA,1.8e-4,6.4e-4,0.0016,wk inc rsv prop ed visits,prop_ed,2026-03-14,2026-02-28,2026-02-25,"March 14, 2026","February 25, 2026","February 28, 2026",RSVHub-ensemble
District of Columbia,0,0.5179207995513326,1.2578076560532363,2.2936492551559016,3.5,8.5,15.5,0.52,1.26,2.29,4,9,20,wk inc rsv hosp,hosp,2026-02-28,2026-02-28,2026-02-25,"February 28, 2026","February 25, 2026","February 28, 2026",RSVHub-ensemble
District of Columbia,1,0.40693777107604706,1.1098302847528556,2.6635926834068533,2.75,7.5,18,0.41,1.11,2.66,3,8,20,wk inc rsv hosp,hosp,2026-03-07,2026-02-28,2026-02-25,"March 07, 2026","February 25, 2026","February 28, 2026",RSVHub-ensemble
District of Columbia,2,0.4439321139011423,1.183818970403046,3.107524797307996,3,8,21,0.44,1.18,3.11,3,8,20,wk inc rsv hosp,hosp,2026-03-14,2026-02-28,2026-02-25,"March 14, 2026","February 25, 2026","February 28, 2026",RSVHub-ensemble
Florida,0,NA,NA,NA,0.0019821306183249966,0.0029280264851268513,0.00434898099498594,NA,NA,NA,0.002,0.0029,0.0043,wk inc rsv prop ed visits,prop_ed,2026-02-28,2026-02-28,2026-02-25,"February 28, 2026","February 25, 2026","February 28, 2026",RSVHub-ensemble
Florida,1,NA,NA,NA,0.0015398927501877198,0.0027894365234522093,0.004920534513466968,NA,NA,NA,0.0015,0.0028,0.0049,wk inc rsv prop ed visits,prop_ed,2026-03-07,2026-02-28,2026-02-25,"March 07, 2026","February 25, 2026","February 28, 2026",RSVHub-ensemble
Florida,2,NA,NA,NA,8.986519372380948e-4,0.0023370194534643274,0.005294454251803115,NA,NA,NA,9e-4,0.0023,0.0053,wk inc rsv prop ed visits,prop_ed,2026-03-14,2026-02-28,2026-02-25,"March 14, 2026","February 25, 2026","February 28, 2026",RSVHub-ensemble
Florida,0,0.6186035505981342,1.2992891779588052,1.943390724370124,139.5,293,438.25,0.62,1.3,1.94,140,290,440,wk inc rsv hosp,hosp,2026-02-28,2026-02-28,2026-02-25,"February 28, 2026","February 25, 2026","February 28, 2026",RSVHub-ensemble
Florida,1,0.48113609490966,1.1418667690252298,1.9799748053194761,108.5,257.5,446.5,0.48,1.14,1.98,110,260,450,wk inc rsv hosp,hosp,2026-03-07,2026-02-28,2026-02-25,"March 07, 2026","February 25, 2026","February 28, 2026",RSVHub-ensemble
Florida,2,0.35475472435735295,0.7893292616951103,1.7737736217867648,80,178,400,0.35,0.79,1.77,80,180,400,wk inc rsv hosp,hosp,2026-03-14,2026-02-28,2026-02-25,"March 14, 2026","February 25, 2026","February 28, 2026",RSVHub-ensemble
Georgia,0,NA,NA,NA,0.003111569110440797,0.004626410289054808,0.006777215693838245,NA,NA,NA,0.0031,0.0046,0.0068,wk inc rsv prop ed visits,prop_ed,2026-02-28,2026-02-28,2026-02-25,"February 28, 2026","February 25, 2026","February 28, 2026",RSVHub-ensemble
Georgia,1,NA,NA,NA,0.002616718311284644,0.00471693002751495,0.008414870623041646,NA,NA,NA,0.0026,0.0047,0.0084,wk inc rsv prop ed visits,prop_ed,2026-03-07,2026-02-28,2026-02-25,"March 07, 2026","February 25, 2026","February 28, 2026",RSVHub-ensemble
Georgia,2,NA,NA,NA,0.001351690364344961,0.0031706292803914114,0.007001629513099455,NA,NA,NA,0.0014,0.0032,0.007,wk inc rsv prop ed visits,prop_ed,2026-03-14,2026-02-28,2026-02-25,"March 14, 2026","February 25, 2026","February 28, 2026",RSVHub-ensemble
Georgia,0,1.3944119805690058,2.0779472651616557,2.943986470740542,153,228,323.02499999999986,1.39,2.08,2.94,150,230,320,wk inc rsv hosp,hosp,2026-02-28,2026-02-28,2026-02-25,"February 28, 2026","February 25, 2026","February 28, 2026",RSVHub-ensemble
Georgia,1,1.1483392781156516,1.9412402082431257,3.3048343169709873,126,213,362.61855,1.15,1.94,3.3,130,210,360,wk inc rsv hosp,hosp,2026-03-07,2026-02-28,2026-02-25,"March 07, 2026","February 25, 2026","February 28, 2026",RSVHub-ensemble
Georgia,2,0.8179638905625377,1.6495984868169284,3.1624899167153266,89.75,181,347,0.82,1.65,3.16,90,180,350,wk inc rsv hosp,hosp,2026-03-14,2026-02-28,2026-02-25,"March 14, 2026","February 25, 2026","February 28, 2026",RSVHub-ensemble
Hawaii,0,NA,NA,NA,0.0027944691549720473,0.004853586048113652,0.007748321760933192,NA,NA,NA,0.0028,0.0049,0.0077,wk inc rsv prop ed visits,prop_ed,2026-02-28,2026-02-28,2026-02-25,"February 28, 2026","February 25, 2026","February 28, 2026",RSVHub-ensemble
Hawaii,1,NA,NA,NA,0.001986863108532019,0.00425297875412973,0.00826670694482032,NA,NA,NA,0.002,0.0043,0.0083,wk inc rsv prop ed visits,prop_ed,2026-03-07,2026-02-28,2026-02-25,"March 07, 2026","February 25, 2026","February 28, 2026",RSVHub-ensemble
Hawaii,2,NA,NA,NA,0.0017419430137984532,0.00414150117242924,0.00883653927066722,NA,NA,NA,0.0017,0.0041,0.0088,wk inc rsv prop ed visits,prop_ed,2026-03-14,2026-02-28,2026-02-25,"March 14, 2026","February 25, 2026","February 28, 2026",RSVHub-ensemble
Hawaii,0,0.5914466067095137,1.1828932134190273,2.347863802392312,8.25,16.5,32.75,0.59,1.18,2.35,8,20,30,wk inc rsv hosp,hosp,2026-02-28,2026-02-28,2026-02-25,"February 28, 2026","February 25, 2026","February 28, 2026",RSVHub-ensemble
Hawaii,1,0.43014298669782813,1.0395122178530847,2.222405431272112,6,14.5,31,0.43,1.04,2.22,6,10,30,wk inc rsv hosp,hosp,2026-03-07,2026-02-28,2026-02-25,"March 07, 2026","February 25, 2026","February 28, 2026",RSVHub-ensemble
Hawaii,2,0.28676199113188544,0.8602859733956563,1.5055004534423984,4,12,21,0.29,0.86,1.51,4,10,20,wk inc rsv hosp,hosp,2026-03-14,2026-02-28,2026-02-25,"March 14, 2026","February 25, 2026","February 28, 2026",RSVHub-ensemble
Idaho,0,NA,NA,NA,0.004989471739640518,0.007740437736106785,0.011540901889556667,NA,NA,NA,0.005,0.0077,0.012,wk inc rsv prop ed visits,prop_ed,2026-02-28,2026-02-28,2026-02-25,"February 28, 2026","February 25, 2026","February 28, 2026",RSVHub-ensemble
Idaho,1,NA,NA,NA,0.003951710221750614,0.007562162858741327,0.013650302745637843,NA,NA,NA,0.004,0.0076,0.014,wk inc rsv prop ed visits,prop_ed,2026-03-07,2026-02-28,2026-02-25,"March 07, 2026","February 25, 2026","February 28, 2026",RSVHub-ensemble
Idaho,2,NA,NA,NA,0.0023428892067673614,0.005328700791601212,0.011570551025893728,NA,NA,NA,0.0023,0.0053,0.012,wk inc rsv prop ed visits,prop_ed,2026-03-14,2026-02-28,2026-02-25,"March 14, 2026","February 25, 2026","February 28, 2026",RSVHub-ensemble
Idaho,0,1.1727471908880602,2.1287910965033268,3.6967031017123637,23,41.75,72.5,1.17,2.13,3.7,20,40,70,wk inc rsv hosp,hosp,2026-02-28,2026-02-28,2026-02-25,"February 28, 2026","February 25, 2026","February 28, 2026",RSVHub-ensemble
Idaho,1,1.0962636784388389,2.243516365177159,4.308571201306134,21.5,44,84.5,1.1,2.24,4.31,20,40,80,wk inc rsv hosp,hosp,2026-03-07,2026-02-28,2026-02-25,"March 07, 2026","February 25, 2026","February 28, 2026",RSVHub-ensemble
Idaho,2,0.9687911576901368,2.065054836128976,3.5692305809636617,19,40.5,70,0.97,2.07,3.57,20,40,70,wk inc rsv hosp,hosp,2026-03-14,2026-02-28,2026-02-25,"March 14, 2026","February 25, 2026","February 28, 2026",RSVHub-ensemble
Illinois,0,NA,NA,NA,0.005649561147650513,0.008148794398258035,0.011586925246638912,NA,NA,NA,0.0056,0.0081,0.012,wk inc rsv prop ed visits,prop_ed,2026-02-28,2026-02-28,2026-02-25,"February 28, 2026","February 25, 2026","February 28, 2026",RSVHub-ensemble
Illinois,1,NA,NA,NA,0.004184665391124685,0.007376134490604331,0.012975471538608618,NA,NA,NA,0.0042,0.0074,0.013,wk inc rsv prop ed visits,prop_ed,2026-03-07,2026-02-28,2026-02-25,"March 07, 2026","February 25, 2026","February 28, 2026",RSVHub-ensemble
Illinois,2,NA,NA,NA,0.0027411318938566232,0.006108578766178024,0.01282799457705866,NA,NA,NA,0.0027,0.0061,0.013,wk inc rsv prop ed visits,prop_ed,2026-03-14,2026-02-28,2026-02-25,"March 14, 2026","February 25, 2026","February 28, 2026",RSVHub-ensemble
Illinois,0,1.3483582404426644,2.475497561046448,3.835924101444254,168.9875,310.25,480.75,1.35,2.48,3.84,170,310,480,wk inc rsv hosp,hosp,2026-02-28,2026-02-28,2026-02-25,"February 28, 2026","February 25, 2026","February 28, 2026",RSVHub-ensemble
Illinois,1,1.238746160684806,2.3757595448882514,4.0254263321448285,155.25,297.75,504.5,1.24,2.38,4.03,160,300,500,wk inc rsv hosp,hosp,2026-03-07,2026-02-28,2026-02-25,"March 07, 2026","February 25, 2026","February 28, 2026",RSVHub-ensemble
Illinois,2,1.180898111313052,2.5532932136498414,4.157080513473649,148,320,521,1.18,2.55,4.16,150,320,520,wk inc rsv hosp,hosp,2026-03-14,2026-02-28,2026-02-25,"March 14, 2026","February 25, 2026","February 28, 2026",RSVHub-ensemble
Indiana,0,NA,NA,NA,0.004111480057554294,0.006162021785546339,0.009061652687809462,NA,NA,NA,0.0041,0.0062,0.0091,wk inc rsv prop ed visits,prop_ed,2026-02-28,2026-02-28,2026-02-25,"February 28, 2026","February 25, 2026","February 28, 2026",RSVHub-ensemble
Indiana,1,NA,NA,NA,0.0033717834384878317,0.006295477708826222,0.011265811828167317,NA,NA,NA,0.0034,0.0063,0.011,wk inc rsv prop ed visits,prop_ed,2026-03-07,2026-02-28,2026-02-25,"March 07, 2026","February 25, 2026","February 28, 2026",RSVHub-ensemble
Indiana,2,NA,NA,NA,0.0017409887433972268,0.0042997302945838485,0.00927803037005392,NA,NA,NA,0.0017,0.0043,0.0093,wk inc rsv prop ed visits,prop_ed,2026-03-14,2026-02-28,2026-02-25,"March 14, 2026","February 25, 2026","February 28, 2026",RSVHub-ensemble
Indiana,0,1.114976687513573,1.8692256231845192,3.075295177325018,76.5,128.25,211,1.11,1.87,3.08,80,130,210,wk inc rsv hosp,hosp,2026-02-28,2026-02-28,2026-02-25,"February 28, 2026","February 25, 2026","February 28, 2026",RSVHub-ensemble
Indiana,1,1.0093089622263387,1.774489041892516,3.104444894645634,69.25,121.75,213,1.01,1.77,3.1,70,120,210,wk inc rsv hosp,hosp,2026-03-07,2026-02-28,2026-02-25,"March 07, 2026","February 25, 2026","February 28, 2026",RSVHub-ensemble
Indiana,2,0.714168074355099,1.4137612900498897,2.6380494175157736,49,97,181,0.71,1.41,2.64,50,100,180,wk inc rsv hosp,hosp,2026-03-14,2026-02-28,2026-02-25,"March 14, 2026","February 25, 2026","February 28, 2026",RSVHub-ensemble
Iowa,0,NA,NA,NA,0.006908341165954237,0.010190299576171884,0.014568886438490462,NA,NA,NA,0.0069,0.01,0.015,wk inc rsv prop ed visits,prop_ed,2026-02-28,2026-02-28,2026-02-25,"February 28, 2026","February 25, 2026","February 28, 2026",RSVHub-ensemble
Iowa,1,NA,NA,NA,0.0053377074566242425,0.009844811090622393,0.01754672299495924,NA,NA,NA,0.0053,0.0098,0.018,wk inc rsv prop ed visits,prop_ed,2026-03-07,2026-02-28,2026-02-25,"March 07, 2026","February 25, 2026","February 28, 2026",RSVHub-ensemble
Iowa,2,NA,NA,NA,0.0029777973342731186,0.006649020463224591,0.014032034798962824,NA,NA,NA,0.003,0.0066,0.014,wk inc rsv prop ed visits,prop_ed,2026-03-14,2026-02-28,2026-02-25,"March 14, 2026","February 25, 2026","February 28, 2026",RSVHub-ensemble
Iowa,0,1.3639360191997285,2.2452905031696018,3.991627561190403,43.7375,72,128,1.36,2.25,3.99,40,70,130,wk inc rsv hosp,hosp,2026-02-28,2026-02-28,2026-02-25,"February 28, 2026","February 25, 2026","February 28, 2026",RSVHub-ensemble
Iowa,1,1.247383612872001,2.182921322526002,4.272288874086603,40,70,137,1.25,2.18,4.27,40,70,140,wk inc rsv hosp,hosp,2026-03-07,2026-02-28,2026-02-25,"March 07, 2026","February 25, 2026","February 28, 2026",RSVHub-ensemble
Iowa,2,1.0602760709412007,1.9646291902734014,3.929258380546803,34,63,126,1.06,1.96,3.93,30,60,130,wk inc rsv hosp,hosp,2026-03-14,2026-02-28,2026-02-25,"March 14, 2026","February 25, 2026","February 28, 2026",RSVHub-ensemble
Kansas,0,NA,NA,NA,0.005131783732604128,0.007552300489961714,0.010903615253352424,NA,NA,NA,0.0051,0.0076,0.011,wk inc rsv prop ed visits,prop_ed,2026-02-28,2026-02-28,2026-02-25,"February 28, 2026","February 25, 2026","February 28, 2026",RSVHub-ensemble
Kansas,1,NA,NA,NA,0.00449695086734951,0.007920583983462017,0.013661399591004902,NA,NA,NA,0.0045,0.0079,0.014,wk inc rsv prop ed visits,prop_ed,2026-03-07,2026-02-28,2026-02-25,"March 07, 2026","February 25, 2026","February 28, 2026",RSVHub-ensemble
Kansas,2,NA,NA,NA,0.0021432870893517875,0.00480802623218991,0.01003712177141482,NA,NA,NA,0.0021,0.0048,0.01,wk inc rsv prop ed visits,prop_ed,2026-03-14,2026-02-28,2026-02-25,"March 14, 2026","February 25, 2026","February 28, 2026",RSVHub-ensemble
Kansas,0,1.6694570857066735,2.782428476177789,3.929645140201862,48.75,81.25,114.75,1.67,2.78,3.93,50,80,110,wk inc rsv hosp,hosp,2026-02-28,2026-02-28,2026-02-25,"February 28, 2026","February 25, 2026","February 28, 2026",RSVHub-ensemble
Kansas,1,1.6180891753772375,2.77386715778955,4.314904467672633,47.25,81,126,1.62,2.77,4.31,50,80,130,wk inc rsv hosp,hosp,2026-03-07,2026-02-28,2026-02-25,"March 07, 2026","February 25, 2026","February 28, 2026",RSVHub-ensemble
Kansas,2,1.4211788524477322,2.2601880544951887,3.3217915346368687,41.5,66,97,1.42,2.26,3.32,40,70,100,wk inc rsv hosp,hosp,2026-03-14,2026-02-28,2026-02-25,"March 14, 2026","February 25, 2026","February 28, 2026",RSVHub-ensemble
Kentucky,0,NA,NA,NA,0.00417775750252629,0.006168557126288563,0.009174626054622808,NA,NA,NA,0.0042,0.0062,0.0092,wk inc rsv prop ed visits,prop_ed,2026-02-28,2026-02-28,2026-02-25,"February 28, 2026","February 25, 2026","February 28, 2026",RSVHub-ensemble
Kentucky,1,NA,NA,NA,0.003245294992697875,0.005792960168300075,0.010308440966105203,NA,NA,NA,0.0032,0.0058,0.01,wk inc rsv prop ed visits,prop_ed,2026-03-07,2026-02-28,2026-02-25,"March 07, 2026","February 25, 2026","February 28, 2026",RSVHub-ensemble
Kentucky,2,NA,NA,NA,0.0020046478730957906,0.004651096973587112,0.00983168516341081,NA,NA,NA,0.002,0.0047,0.0098,wk inc rsv prop ed visits,prop_ed,2026-03-14,2026-02-28,2026-02-25,"March 14, 2026","February 25, 2026","February 28, 2026",RSVHub-ensemble
Kentucky,0,0.8315943770914598,1.5689413914458876,2.5169589813301516,37.5,70.75,113.5,0.83,1.57,2.52,40,70,110,wk inc rsv hosp,hosp,2026-02-28,2026-02-28,2026-02-25,"February 28, 2026","February 25, 2026","February 28, 2026",RSVHub-ensemble
Kentucky,1,0.665275501673168,1.3749027034578802,2.705730904929912,30,62,122.01249999999993,0.67,1.37,2.71,30,60,120,wk inc rsv hosp,hosp,2026-03-07,2026-02-28,2026-02-25,"March 07, 2026","February 25, 2026","February 28, 2026",RSVHub-ensemble
Kentucky,2,0.37698945094812847,1.020089102565524,2.2841125557445427,17,46,103,0.38,1.02,2.28,20,50,100,wk inc rsv hosp,hosp,2026-03-14,2026-02-28,2026-02-25,"March 14, 2026","February 25, 2026","February 28, 2026",RSVHub-ensemble
Louisiana,0,NA,NA,NA,0.0032780537498779154,0.004990728432445928,0.0074691218213042004,NA,NA,NA,0.0033,0.005,0.0075,wk inc rsv prop ed visits,prop_ed,2026-02-28,2026-02-28,2026-02-25,"February 28, 2026","February 25, 2026","February 28, 2026",RSVHub-ensemble
Louisiana,1,NA,NA,NA,0.002651245680821402,0.00480712112871848,0.008629003613412095,NA,NA,NA,0.0027,0.0048,0.0086,wk inc rsv prop ed visits,prop_ed,2026-03-07,2026-02-28,2026-02-25,"March 07, 2026","February 25, 2026","February 28, 2026",RSVHub-ensemble
Louisiana,2,NA,NA,NA,0.0015926135442030933,0.0036469751331319688,0.007965168078273433,NA,NA,NA,0.0016,0.0036,0.008,wk inc rsv prop ed visits,prop_ed,2026-03-14,2026-02-28,2026-02-25,"March 14, 2026","February 25, 2026","February 28, 2026",RSVHub-ensemble
Louisiana,0,1.6889468736277309,2.6540593728435766,3.8604499968633843,77,121,176,1.69,2.65,3.86,80,120,180,wk inc rsv hosp,hosp,2026-02-28,2026-02-28,2026-02-25,"February 28, 2026","February 25, 2026","February 28, 2026",RSVHub-ensemble
Louisiana,1,1.5902421862079281,2.516969529204962,4.3539734339623966,72.5,114.75,198.5,1.59,2.52,4.35,70,110,200,wk inc rsv hosp,hosp,2026-03-07,2026-02-28,2026-02-25,"March 07, 2026","February 25, 2026","February 28, 2026",RSVHub-ensemble
Louisiana,2,1.359931248895056,2.0618312483247623,4.167531246613881,62,94,190,1.36,2.06,4.17,60,90,190,wk inc rsv hosp,hosp,2026-03-14,2026-02-28,2026-02-25,"March 14, 2026","February 25, 2026","February 28, 2026",RSVHub-ensemble
Maine,0,NA,NA,NA,0.0014625058010316904,0.002758779084727897,0.004565117064251396,NA,NA,NA,0.0015,0.0028,0.0046,wk inc rsv prop ed visits,prop_ed,2026-02-28,2026-02-28,2026-02-25,"February 28, 2026","February 25, 2026","February 28, 2026",RSVHub-ensemble
Maine,1,NA,NA,NA,0.0012043159281765767,0.002873672853813979,0.005509364867158292,NA,NA,NA,0.0012,0.0029,0.0055,wk inc rsv prop ed visits,prop_ed,2026-03-07,2026-02-28,2026-02-25,"March 07, 2026","February 25, 2026","February 28, 2026",RSVHub-ensemble
Maine,2,NA,NA,NA,6.866641993643755e-4,0.001820580808117533,0.0041879397308373575,NA,NA,NA,6.9e-4,0.0018,0.0042,wk inc rsv prop ed visits,prop_ed,2026-03-14,2026-02-28,2026-02-25,"March 14, 2026","February 25, 2026","February 28, 2026",RSVHub-ensemble
Maine,0,0.30464530326543926,0.6630515424012501,1.3440233967592907,4.25,9.25,18.75,0.3,0.66,1.34,4,9,20,wk inc rsv hosp,hosp,2026-02-28,2026-02-28,2026-02-25,"February 28, 2026","February 25, 2026","February 28, 2026",RSVHub-ensemble
Maine,1,0.26880467935185814,0.7347327902284123,1.6307483880679396,3.75,10.25,22.75,0.27,0.73,1.63,4,10,20,wk inc rsv hosp,hosp,2026-03-07,2026-02-28,2026-02-25,"March 07, 2026","February 25, 2026","February 28, 2026",RSVHub-ensemble
Maine,2,0.21504374348148655,0.6451312304444596,1.254421836975338,3,9,17.5,0.22,0.65,1.25,3,9,20,wk inc rsv hosp,hosp,2026-03-14,2026-02-28,2026-02-25,"March 14, 2026","February 25, 2026","February 28, 2026",RSVHub-ensemble
Maryland,0,NA,NA,NA,0.003233622103838118,0.004958672016954107,0.007405020830162017,NA,NA,NA,0.0032,0.005,0.0074,wk inc rsv prop ed visits,prop_ed,2026-02-28,2026-02-28,2026-02-25,"February 28, 2026","February 25, 2026","February 28, 2026",RSVHub-ensemble
Maryland,1,NA,NA,NA,0.002600811605893828,0.004704279776909969,0.008344397417190917,NA,NA,NA,0.0026,0.0047,0.0083,wk inc rsv prop ed visits,prop_ed,2026-03-07,2026-02-28,2026-02-25,"March 07, 2026","February 25, 2026","February 28, 2026",RSVHub-ensemble
Maryland,2,NA,NA,NA,0.001639282945842623,0.0037991960022257174,0.008127875210364358,NA,NA,NA,0.0016,0.0038,0.0081,wk inc rsv prop ed visits,prop_ed,2026-03-14,2026-02-28,2026-02-25,"March 14, 2026","February 25, 2026","February 28, 2026",RSVHub-ensemble
Maryland,0,0.9188225930832336,1.6099723312431882,2.488139057375836,56.5,99,153,0.92,1.61,2.49,60,100,150,wk inc rsv hosp,hosp,2026-02-28,2026-02-28,2026-02-25,"February 28, 2026","February 25, 2026","February 28, 2026",RSVHub-ensemble
Maryland,1,0.8293796857919454,1.5449229441222512,2.656748806831617,51,95,163.36810687500002,0.83,1.54,2.66,50,100,160,wk inc rsv hosp,hosp,2026-03-07,2026-02-28,2026-02-25,"March 07, 2026","February 25, 2026","February 28, 2026",RSVHub-ensemble
Maryland,2,0.6178297056645333,1.3253812625890893,2.4404882997293615,37.99142362500001,81.5,150.06987199999998,0.62,1.33,2.44,40,80,150,wk inc rsv hosp,hosp,2026-03-14,2026-02-28,2026-02-25,"March 14, 2026","February 25, 2026","February 28, 2026",RSVHub-ensemble
Massachusetts,0,NA,NA,NA,0.00608757050212148,0.008735133320278986,0.01257935602413491,NA,NA,NA,0.0061,0.0087,0.013,wk inc rsv prop ed visits,prop_ed,2026-02-28,2026-02-28,2026-02-25,"February 28, 2026","February 25, 2026","February 28, 2026",RSVHub-ensemble
Massachusetts,1,NA,NA,NA,0.005037512347926966,0.008582223111703542,0.01473374060423173,NA,NA,NA,0.005,0.0086,0.015,wk inc rsv prop ed visits,prop_ed,2026-03-07,2026-02-28,2026-02-25,"March 07, 2026","February 25, 2026","February 28, 2026",RSVHub-ensemble
Massachusetts,2,NA,NA,NA,0.002706559583870997,0.005946240632368654,0.012839692060239716,NA,NA,NA,0.0027,0.0059,0.013,wk inc rsv prop ed visits,prop_ed,2026-03-14,2026-02-28,2026-02-25,"March 14, 2026","February 25, 2026","February 28, 2026",RSVHub-ensemble
Massachusetts,0,1.382531348451772,2.765062696903544,4.665596746971613,96.75,193.5,326.5,1.38,2.77,4.67,100,190,330,wk inc rsv hosp,hosp,2026-02-28,2026-02-28,2026-02-25,"February 28, 2026","February 25, 2026","February 28, 2026",RSVHub-ensemble
Massachusetts,1,1.3823527268305251,2.7114762105294443,5.022839989465611,96.7375,189.75,351.5,1.38,2.71,5.02,100,190,350,wk inc rsv hosp,hosp,2026-03-07,2026-02-28,2026-02-25,"March 07, 2026","February 25, 2026","February 28, 2026",RSVHub-ensemble
Massachusetts,2,1.3503794566273122,2.5221372920076255,4.587003233622934,94.5,176.5,321,1.35,2.52,4.59,90,180,320,wk inc rsv hosp,hosp,2026-03-14,2026-02-28,2026-02-25,"March 14, 2026","February 25, 2026","February 28, 2026",RSVHub-ensemble
Michigan,0,NA,NA,NA,0.004462768502489953,0.0064077479315247385,0.009163691878506883,NA,NA,NA,0.0045,0.0064,0.0092,wk inc rsv prop ed visits,prop_ed,2026-02-28,2026-02-28,2026-02-25,"February 28, 2026","February 25, 2026","February 28, 2026",RSVHub-ensemble
Michigan,1,NA,NA,NA,0.0037744131302646145,0.006605352667665646,0.011504611867389268,NA,NA,NA,0.0038,0.0066,0.012,wk inc rsv prop ed visits,prop_ed,2026-03-07,2026-02-28,2026-02-25,"March 07, 2026","February 25, 2026","February 28, 2026",RSVHub-ensemble
Michigan,2,NA,NA,NA,0.001854897017785336,0.004248771438490827,0.00902430477739906,NA,NA,NA,0.0019,0.0042,0.009,wk inc rsv prop ed visits,prop_ed,2026-03-14,2026-02-28,2026-02-25,"March 14, 2026","February 25, 2026","February 28, 2026",RSVHub-ensemble
Michigan,0,1.674080951978091,2.406491368468506,3.1887256228154115,168,241.5,320,1.67,2.41,3.19,170,240,320,wk inc rsv hosp,hosp,2026-02-28,2026-02-28,2026-02-25,"February 28, 2026","February 25, 2026","February 28, 2026",RSVHub-ensemble
Michigan,1,1.5046799032660223,2.4961742766101893,3.3083028336709894,151,250.5,332,1.5,2.5,3.31,150,250,330,wk inc rsv hosp,hosp,2026-03-07,2026-02-28,2026-02-25,"March 07, 2026","February 25, 2026","February 28, 2026",RSVHub-ensemble
Michigan,2,1.1334923112351658,2.443859246860874,3.3109378271246355,113.75,245.25,332.264431,1.13,2.44,3.31,110,250,330,wk inc rsv hosp,hosp,2026-03-14,2026-02-28,2026-02-25,"March 14, 2026","February 25, 2026","February 28, 2026",RSVHub-ensemble
Minnesota,0,NA,NA,NA,0.006174778911700023,0.008906514625096685,0.012747393476000759,NA,NA,NA,0.0062,0.0089,0.013,wk inc rsv prop ed visits,prop_ed,2026-02-28,2026-02-28,2026-02-25,"February 28, 2026","February 25, 2026","February 28, 2026",RSVHub-ensemble
Minnesota,1,NA,NA,NA,0.005050172259130246,0.009095876453700236,0.015545199190455099,NA,NA,NA,0.0051,0.0091,0.016,wk inc rsv prop ed visits,prop_ed,2026-03-07,2026-02-28,2026-02-25,"March 07, 2026","February 25, 2026","February 28, 2026",RSVHub-ensemble
Minnesota,2,NA,NA,NA,0.0023122767298678405,0.005317558056009022,0.01133466522243627,NA,NA,NA,0.0023,0.0053,0.011,wk inc rsv prop ed visits,prop_ed,2026-03-14,2026-02-28,2026-02-25,"March 14, 2026","February 25, 2026","February 28, 2026",RSVHub-ensemble
Minnesota,0,2.109004875635817,2.823626362421507,3.72997556517409,121,162,214,2.11,2.82,3.73,120,160,210,wk inc rsv hosp,hosp,2026-02-28,2026-02-28,2026-02-25,"February 28, 2026","February 25, 2026","February 28, 2026",RSVHub-ensemble
Minnesota,1,1.8475579902264183,2.788766777700254,4.113430997107875,106,160,236,1.85,2.79,4.11,110,160,240,wk inc rsv hosp,hosp,2026-03-07,2026-02-28,2026-02-25,"March 07, 2026","February 25, 2026","February 28, 2026",RSVHub-ensemble
Minnesota,2,1.4466727659320067,2.6057539579136746,4.186605121779345,83,149.5,240.19822125000002,1.45,2.61,4.19,80,150,240,wk inc rsv hosp,hosp,2026-03-14,2026-02-28,2026-02-25,"March 14, 2026","February 25, 2026","February 28, 2026",RSVHub-ensemble
Mississippi,0,NA,NA,NA,0.0031467470137454593,0.0049455241109781466,0.007489237505421475,NA,NA,NA,0.0031,0.0049,0.0075,wk inc rsv prop ed visits,prop_ed,2026-02-28,2026-02-28,2026-02-25,"February 28, 2026","February 25, 2026","February 28, 2026",RSVHub-ensemble
Mississippi,1,NA,NA,NA,0.002213567835990494,0.004309669113762555,0.00789295533645158,NA,NA,NA,0.0022,0.0043,0.0079,wk inc rsv prop ed visits,prop_ed,2026-03-07,2026-02-28,2026-02-25,"March 07, 2026","February 25, 2026","February 28, 2026",RSVHub-ensemble
Mississippi,2,NA,NA,NA,0.0016376056481332676,0.003906533861530868,0.008513879275648577,NA,NA,NA,0.0016,0.0039,0.0085,wk inc rsv prop ed visits,prop_ed,2026-03-14,2026-02-28,2026-02-25,"March 14, 2026","February 25, 2026","February 28, 2026",RSVHub-ensemble
Mississippi,0,0.8280467594033486,1.3665547344459594,2.323143048558131,24.2375,40,68,0.83,1.37,2.32,20,40,70,wk inc rsv hosp,hosp,2026-02-28,2026-02-28,2026-02-25,"February 28, 2026","February 25, 2026","February 28, 2026",RSVHub-ensemble
Mississippi,1,0.5978676963201073,1.1530305571887782,2.3487659498289926,17.5,33.75,68.75,0.6,1.15,2.35,20,30,70,wk inc rsv hosp,hosp,2026-03-07,2026-02-28,2026-02-25,"March 07, 2026","February 25, 2026","February 28, 2026",RSVHub-ensemble
Mississippi,2,0.4612122228755113,0.9907521824733206,2.152323706752386,13.5,29,63,0.46,0.99,2.15,10,30,60,wk inc rsv hosp,hosp,2026-03-14,2026-02-28,2026-02-25,"March 14, 2026","February 25, 2026","February 28, 2026",RSVHub-ensemble
Missouri,0,NA,NA,NA,0.006736413210466016,0.009681106359325006,0.014312448390493327,NA,NA,NA,0.0067,0.0097,0.014,wk inc rsv prop ed visits,prop_ed,2026-02-28,2026-02-28,2026-02-25,"February 28, 2026","February 25, 2026","February 28, 2026",RSVHub-ensemble
Missouri,1,NA,NA,NA,0.004987645753480878,0.009714340374537899,0.01964404886345543,NA,NA,NA,0.005,0.0097,0.02,wk inc rsv prop ed visits,prop_ed,2026-03-07,2026-02-28,2026-02-25,"March 07, 2026","February 25, 2026","February 28, 2026",RSVHub-ensemble
Missouri,0,0.804833596002978,1.5570901229203344,2.790629051467612,49.75,96.25,172.5,0.8,1.56,2.79,50,100,170,wk inc rsv hosp,hosp,2026-02-28,2026-02-28,2026-02-25,"February 28, 2026","February 25, 2026","February 28, 2026",RSVHub-ensemble
Missouri,1,0.727990187339377,1.472157934397407,2.790629051467612,45,91,172.5,0.73,1.47,2.79,50,90,170,wk inc rsv hosp,hosp,2026-03-07,2026-02-28,2026-02-25,"March 07, 2026","February 25, 2026","February 28, 2026",RSVHub-ensemble
Missouri,2,0.42061655268497344,1.0515413817124335,2.281035920330048,26,65,141,0.42,1.05,2.28,30,70,140,wk inc rsv hosp,hosp,2026-03-14,2026-02-28,2026-02-25,"March 14, 2026","February 25, 2026","February 28, 2026",RSVHub-ensemble
Montana,0,NA,NA,NA,0.002589798604298828,0.004597208313594467,0.00749301019285725,NA,NA,NA,0.0026,0.0046,0.0075,wk inc rsv prop ed visits,prop_ed,2026-02-28,2026-02-28,2026-02-25,"February 28, 2026","February 25, 2026","February 28, 2026",RSVHub-ensemble
Montana,1,NA,NA,NA,0.002110522725360514,0.004609729131506141,0.009444948051667198,NA,NA,NA,0.0021,0.0046,0.0094,wk inc rsv prop ed visits,prop_ed,2026-03-07,2026-02-28,2026-02-25,"March 07, 2026","February 25, 2026","February 28, 2026",RSVHub-ensemble
Montana,2,NA,NA,NA,0.0012038591013641114,0.0028954208549819794,0.0064013331235407075,NA,NA,NA,0.0012,0.0029,0.0064,wk inc rsv prop ed visits,prop_ed,2026-03-14,2026-02-28,2026-02-25,"March 14, 2026","February 25, 2026","February 28, 2026",RSVHub-ensemble
Montana,0,0.5533510051510337,1.3501764525685225,3.010229468021624,6.25,15.25,34,0.55,1.35,3.01,6,20,30,wk inc rsv hosp,hosp,2026-02-28,2026-02-28,2026-02-25,"February 28, 2026","February 25, 2026","February 28, 2026",RSVHub-ensemble
Montana,1,0.5976190855631166,1.4829806938047707,3.09876562884579,6.75,16.75,35,0.6,1.48,3.1,7,20,40,wk inc rsv hosp,hosp,2026-03-07,2026-02-28,2026-02-25,"March 07, 2026","February 25, 2026","February 28, 2026",RSVHub-ensemble
Montana,2,0.5312169649449925,1.3280424123624812,2.9659613876095414,6,15,33.5,0.53,1.33,2.97,6,20,30,wk inc rsv hosp,hosp,2026-03-14,2026-02-28,2026-02-25,"March 14, 2026","February 25, 2026","February 28, 2026",RSVHub-ensemble
Nebraska,0,NA,NA,NA,0.0031078289812181887,0.0051414402092946985,0.008076475359584195,NA,NA,NA,0.0031,0.0051,0.0081,wk inc rsv prop ed visits,prop_ed,2026-02-28,2026-02-28,2026-02-25,"February 28, 2026","February 25, 2026","February 28, 2026",RSVHub-ensemble
Nebraska,1,NA,NA,NA,0.0025246338453907046,0.0052459945463208405,0.009893849345983988,NA,NA,NA,0.0025,0.0052,0.0099,wk inc rsv prop ed visits,prop_ed,2026-03-07,2026-02-28,2026-02-25,"March 07, 2026","February 25, 2026","February 28, 2026",RSVHub-ensemble
Nebraska,2,NA,NA,NA,0.0015419404446799815,0.003675038130964867,0.008079418560307557,NA,NA,NA,0.0015,0.0037,0.0081,wk inc rsv prop ed visits,prop_ed,2026-03-14,2026-02-28,2026-02-25,"March 14, 2026","February 25, 2026","February 28, 2026",RSVHub-ensemble
Nebraska,0,1.5340417817198004,2.58631837579206,3.955545751211386,30.25,51,78,1.53,2.59,3.96,30,50,80,wk inc rsv hosp,hosp,2026-02-28,2026-02-28,2026-02-25,"February 28, 2026","February 25, 2026","February 28, 2026",RSVHub-ensemble
Nebraska,1,1.4452955629426218,2.7511327820925344,4.462667001366692,28.5,54.25,88,1.45,2.75,4.46,30,50,90,wk inc rsv hosp,hosp,2026-03-07,2026-02-28,2026-02-25,"March 07, 2026","February 25, 2026","February 28, 2026",RSVHub-ensemble
Nebraska,2,1.0903106878339077,2.358113813222172,3.5498487510871413,21.5,46.5,70,1.09,2.36,3.55,20,50,70,wk inc rsv hosp,hosp,2026-03-14,2026-02-28,2026-02-25,"March 14, 2026","February 25, 2026","February 28, 2026",RSVHub-ensemble
Nevada,0,NA,NA,NA,0.004028378149535574,0.006076341107414843,0.008980615820412196,NA,NA,NA,0.004,0.0061,0.009,wk inc rsv prop ed visits,prop_ed,2026-02-28,2026-02-28,2026-02-25,"February 28, 2026","February 25, 2026","February 28, 2026",RSVHub-ensemble
Nevada,1,NA,NA,NA,0.00287958159877582,0.0055692308141973585,0.010100636005503332,NA,NA,NA,0.0029,0.0056,0.01,wk inc rsv prop ed visits,prop_ed,2026-03-07,2026-02-28,2026-02-25,"March 07, 2026","February 25, 2026","February 28, 2026",RSVHub-ensemble
Nevada,2,NA,NA,NA,0.0018976300389549673,0.004307229356221099,0.009291226955768226,NA,NA,NA,0.0019,0.0043,0.0093,wk inc rsv prop ed visits,prop_ed,2026-03-14,2026-02-28,2026-02-25,"March 14, 2026","February 25, 2026","February 28, 2026",RSVHub-ensemble
Nevada,0,0.9427899354031762,1.5948863073903732,3.127312781560284,30,50.75,99.51249999999993,0.94,1.59,3.13,30,50,100,wk inc rsv hosp,hosp,2026-02-28,2026-02-28,2026-02-25,"February 28, 2026","February 25, 2026","February 28, 2026",RSVHub-ensemble
Nevada,1,0.7778016967076204,1.4456112342848704,3.0719238728553493,24.75,46,97.75,0.78,1.45,3.07,20,50,100,wk inc rsv hosp,hosp,2026-03-07,2026-02-28,2026-02-25,"March 07, 2026","February 25, 2026","February 28, 2026",RSVHub-ensemble
Nevada,2,0.5342476300617999,1.0684952601235997,2.3726880040979936,17,34,75.5,0.53,1.07,2.37,20,30,80,wk inc rsv hosp,hosp,2026-03-14,2026-02-28,2026-02-25,"March 14, 2026","February 25, 2026","February 28, 2026",RSVHub-ensemble
New Hampshire,0,NA,NA,NA,0.0050768269127440865,0.00830713317745513,0.012914142493641954,NA,NA,NA,0.0051,0.0083,0.013,wk inc rsv prop ed visits,prop_ed,2026-02-28,2026-02-28,2026-02-25,"February 28, 2026","February 25, 2026","February 28, 2026",RSVHub-ensemble
New Hampshire,1,NA,NA,NA,0.004058936699956379,0.007885512302609057,0.014596849355642896,NA,NA,NA,0.0041,0.0079,0.015,wk inc rsv prop ed visits,prop_ed,2026-03-07,2026-02-28,2026-02-25,"March 07, 2026","February 25, 2026","February 28, 2026",RSVHub-ensemble
New Hampshire,2,NA,NA,NA,0.002774454335466815,0.0063783203099467235,0.013579643461107075,NA,NA,NA,0.0028,0.0064,0.014,wk inc rsv prop ed visits,prop_ed,2026-03-14,2026-02-28,2026-02-25,"March 14, 2026","February 25, 2026","February 28, 2026",RSVHub-ensemble
New Hampshire,0,1.0167626704682888,2.1048771072852297,3.9600230323501773,14.25,29.5,55.5,1.02,2.1,3.96,10,30,60,wk inc rsv hosp,hosp,2026-02-28,2026-02-28,2026-02-25,"February 28, 2026","February 25, 2026","February 28, 2026",RSVHub-ensemble
New Hampshire,1,0.8383832545966592,1.908659749826437,4.084888623460318,11.75,26.75,57.25,0.84,1.91,4.08,10,30,60,wk inc rsv hosp,hosp,2026-03-07,2026-02-28,2026-02-25,"March 07, 2026","February 25, 2026","February 28, 2026",RSVHub-ensemble
New Hampshire,2,0.5708141307892147,1.6054147428446663,3.3535330183866368,8,22.5,47,0.57,1.61,3.35,8,20,50,wk inc rsv hosp,hosp,2026-03-14,2026-02-28,2026-02-25,"March 14, 2026","February 25, 2026","February 28, 2026",RSVHub-ensemble
New Jersey,0,NA,NA,NA,0.0037493265822505983,0.005622222761966526,0.00837326511821472,NA,NA,NA,0.0037,0.0056,0.0084,wk inc rsv prop ed visits,prop_ed,2026-02-28,2026-02-28,2026-02-25,"February 28, 2026","February 25, 2026","February 28, 2026",RSVHub-ensemble
New Jersey,1,NA,NA,NA,0.002836737206516113,0.00525955963214021,0.009489809255680402,NA,NA,NA,0.0028,0.0053,0.0095,wk inc rsv prop ed visits,prop_ed,2026-03-07,2026-02-28,2026-02-25,"March 07, 2026","February 25, 2026","February 28, 2026",RSVHub-ensemble
New Jersey,2,NA,NA,NA,0.0017608983512718284,0.004077555688312424,0.008889077702039125,NA,NA,NA,0.0018,0.0041,0.0089,wk inc rsv prop ed visits,prop_ed,2026-03-14,2026-02-28,2026-02-25,"March 14, 2026","February 25, 2026","February 28, 2026",RSVHub-ensemble
New Jersey,0,1.7665802442684972,3.315030915692866,4.895797079390439,164,307.75,454.5,1.77,3.32,4.9,160,310,450,wk inc rsv hosp,hosp,2026-02-28,2026-02-28,2026-02-25,"February 28, 2026","February 25, 2026","February 28, 2026",RSVHub-ensemble
New Jersey,1,1.6371836272912088,3.1696112004634474,5.386319322520783,151.9875,294.25,500.0374999999998,1.64,3.17,5.39,150,290,500,wk inc rsv hosp,hosp,2026-03-07,2026-02-28,2026-02-25,"March 07, 2026","February 25, 2026","February 28, 2026",RSVHub-ensemble
New Jersey,2,1.6103886982813436,3.091515427469871,5.2027942559858795,149.5,287,483,1.61,3.09,5.2,150,290,480,wk inc rsv hosp,hosp,2026-03-14,2026-02-28,2026-02-25,"March 14, 2026","February 25, 2026","February 28, 2026",RSVHub-ensemble
New Mexico,0,NA,NA,NA,0.00784288122293585,0.011340711861152328,0.016209552957421634,NA,NA,NA,0.0078,0.011,0.016,wk inc rsv prop ed visits,prop_ed,2026-02-28,2026-02-28,2026-02-25,"February 28, 2026","February 25, 2026","February 28, 2026",RSVHub-ensemble
New Mexico,1,NA,NA,NA,0.006990708510454293,0.011926136237169364,0.01964586826479419,NA,NA,NA,0.007,0.012,0.02,wk inc rsv prop ed visits,prop_ed,2026-03-07,2026-02-28,2026-02-25,"March 07, 2026","February 25, 2026","February 28, 2026",RSVHub-ensemble
New Mexico,2,NA,NA,NA,0.002873901306539999,0.006442282876778765,0.013710392643940706,NA,NA,NA,0.0029,0.0064,0.014,wk inc rsv prop ed visits,prop_ed,2026-03-14,2026-02-28,2026-02-25,"March 14, 2026","February 25, 2026","February 28, 2026",RSVHub-ensemble
New Mexico,0,2.760645381773458,4.331357409334218,6.1876534419060265,58,91,130,2.76,4.33,6.19,60,90,130,wk inc rsv hosp,hosp,2026-02-28,2026-02-28,2026-02-25,"February 28, 2026","February 25, 2026","February 28, 2026",RSVHub-ensemble
New Mexico,1,2.3322693742568865,4.188565406828694,6.044861439400502,49,88,127,2.33,4.19,6.04,50,90,130,wk inc rsv hosp,hosp,2026-03-07,2026-02-28,2026-02-25,"March 07, 2026","February 25, 2026","February 28, 2026",RSVHub-ensemble
New Mexico,2,1.9990880350773315,3.7601893993121234,6.194496225055428,42,79,130.143764,2,3.76,6.19,40,80,130,wk inc rsv hosp,hosp,2026-03-14,2026-02-28,2026-02-25,"March 14, 2026","February 25, 2026","February 28, 2026",RSVHub-ensemble
New York,0,NA,NA,NA,0.003335029750812075,0.005017546463783415,0.007493897609136699,NA,NA,NA,0.0033,0.005,0.0075,wk inc rsv prop ed visits,prop_ed,2026-02-28,2026-02-28,2026-02-25,"February 28, 2026","February 25, 2026","February 28, 2026",RSVHub-ensemble
New York,1,NA,NA,NA,0.0026822531279747943,0.004711174088923175,0.008225715196226812,NA,NA,NA,0.0027,0.0047,0.0082,wk inc rsv prop ed visits,prop_ed,2026-03-07,2026-02-28,2026-02-25,"March 07, 2026","February 25, 2026","February 28, 2026",RSVHub-ensemble
New York,2,NA,NA,NA,0.001443239288108111,0.0034499610402275644,0.0076109138272788006,NA,NA,NA,0.0014,0.0034,0.0076,wk inc rsv prop ed visits,prop_ed,2026-03-14,2026-02-28,2026-02-25,"March 14, 2026","February 25, 2026","February 28, 2026",RSVHub-ensemble
New York,0,2.204387539308168,3.3551698974156805,4.393431313841569,431,656,859,2.2,3.36,4.39,430,660,860,wk inc rsv hosp,hosp,2026-02-28,2026-02-28,2026-02-25,"February 28, 2026","February 25, 2026","February 28, 2026",RSVHub-ensemble
New York,1,1.585522360059239,3.3193677796078913,4.2502228426104125,310,649,831,1.59,3.32,4.25,310,650,830,wk inc rsv hosp,hosp,2026-03-07,2026-02-28,2026-02-25,"March 07, 2026","February 25, 2026","February 28, 2026",RSVHub-ensemble
New York,2,1.0804567695564977,2.6173905411623086,3.847619096512076,211.25,511.75,752.28325375,1.08,2.62,3.85,210,510,750,wk inc rsv hosp,hosp,2026-03-14,2026-02-28,2026-02-25,"March 14, 2026","February 25, 2026","February 28, 2026",RSVHub-ensemble
North Carolina,0,NA,NA,NA,0.0043975929711024715,0.0064839236055665534,0.009472208400961898,NA,NA,NA,0.0044,0.0065,0.0095,wk inc rsv prop ed visits,prop_ed,2026-02-28,2026-02-28,2026-02-25,"February 28, 2026","February 25, 2026","February 28, 2026",RSVHub-ensemble
North Carolina,1,NA,NA,NA,0.003488316075411736,0.006389872051280214,0.011971357859409918,NA,NA,NA,0.0035,0.0064,0.012,wk inc rsv prop ed visits,prop_ed,2026-03-07,2026-02-28,2026-02-25,"March 07, 2026","February 25, 2026","February 28, 2026",RSVHub-ensemble
North Carolina,2,NA,NA,NA,0.0019018616399949497,0.00447365853180527,0.00956279358984678,NA,NA,NA,0.0019,0.0045,0.0096,wk inc rsv prop ed visits,prop_ed,2026-03-14,2026-02-28,2026-02-25,"March 14, 2026","February 25, 2026","February 28, 2026",RSVHub-ensemble
North Carolina,0,1.2877475362804822,2.3845451666387225,3.6281646453920517,138.25,256,389.51249999999993,1.29,2.38,3.63,140,260,390,wk inc rsv hosp,hosp,2026-02-28,2026-02-28,2026-02-25,"February 28, 2026","February 25, 2026","February 28, 2026",RSVHub-ensemble
North Carolina,1,1.1643286946478137,2.3752305370815403,3.9214590435738366,125,255,421,1.16,2.38,3.92,130,260,420,wk inc rsv hosp,hosp,2026-03-07,2026-02-28,2026-02-25,"March 07, 2026","February 25, 2026","February 28, 2026",RSVHub-ensemble
North Carolina,2,0.9873507330613461,2.1423647981519776,3.4836714543862595,106,230,374,0.99,2.14,3.48,110,230,370,wk inc rsv hosp,hosp,2026-03-14,2026-02-28,2026-02-25,"March 14, 2026","February 25, 2026","February 28, 2026",RSVHub-ensemble
North Dakota,0,NA,NA,NA,0.003576262473393677,0.006266804782596843,0.010132407698170393,NA,NA,NA,0.0036,0.0063,0.01,wk inc rsv prop ed visits,prop_ed,2026-02-28,2026-02-28,2026-02-25,"February 28, 2026","February 25, 2026","February 28, 2026",RSVHub-ensemble
North Dakota,1,NA,NA,NA,0.0030615855210700325,0.006591691026066022,0.012620932094491518,NA,NA,NA,0.0031,0.0066,0.013,wk inc rsv prop ed visits,prop_ed,2026-03-07,2026-02-28,2026-02-25,"March 07, 2026","February 25, 2026","February 28, 2026",RSVHub-ensemble
North Dakota,2,NA,NA,NA,0.0018019393185741957,0.004211679311342785,0.00894706686128089,NA,NA,NA,0.0018,0.0042,0.0089,wk inc rsv prop ed visits,prop_ed,2026-03-14,2026-02-28,2026-02-25,"March 14, 2026","February 25, 2026","February 28, 2026",RSVHub-ensemble
North Dakota,0,0.7402877466284721,1.5771347645563103,2.7358460201487014,5.75,12.25,21.25,0.74,1.58,2.74,6,10,20,wk inc rsv hosp,hosp,2026-02-28,2026-02-28,2026-02-25,"February 28, 2026","February 25, 2026","February 28, 2026",RSVHub-ensemble
North Dakota,1,0.6437284753291062,1.7058804596221315,2.9933374102803434,5,13.25,23.25,0.64,1.71,2.99,5,10,20,wk inc rsv hosp,hosp,2026-03-07,2026-02-28,2026-02-25,"March 07, 2026","February 25, 2026","February 28, 2026",RSVHub-ensemble
North Dakota,2,0.5149827802632849,1.544948340789855,2.8967781389809777,4,12,22.5,0.51,1.54,2.9,4,10,20,wk inc rsv hosp,hosp,2026-03-14,2026-02-28,2026-02-25,"March 14, 2026","February 25, 2026","February 28, 2026",RSVHub-ensemble
Ohio,0,NA,NA,NA,0.0038287617786018453,0.0055530029872766775,0.008058332544649213,NA,NA,NA,0.0038,0.0056,0.0081,wk inc rsv prop ed visits,prop_ed,2026-02-28,2026-02-28,2026-02-25,"February 28, 2026","February 25, 2026","February 28, 2026",RSVHub-ensemble
Ohio,1,NA,NA,NA,0.003284406849905017,0.005904347893368949,0.010498641171419569,NA,NA,NA,0.0033,0.0059,0.01,wk inc rsv prop ed visits,prop_ed,2026-03-07,2026-02-28,2026-02-25,"March 07, 2026","February 25, 2026","February 28, 2026",RSVHub-ensemble
Ohio,2,NA,NA,NA,0.0013762337144930554,0.003407816690155502,0.007271600795303167,NA,NA,NA,0.0014,0.0034,0.0073,wk inc rsv prop ed visits,prop_ed,2026-03-14,2026-02-28,2026-02-25,"March 14, 2026","February 25, 2026","February 28, 2026",RSVHub-ensemble
Ohio,0,2.0013734133226184,3.5273410529609674,4.715855487171642,235.75,415.5,555.5,2,3.53,4.72,240,420,560,wk inc rsv hosp,hosp,2026-02-28,2026-02-28,2026-02-25,"February 28, 2026","February 25, 2026","February 28, 2026",RSVHub-ensemble
Ohio,1,1.7063671519738974,3.3108616381583085,4.630961599013737,201,390,545.5,1.71,3.31,4.63,200,390,550,wk inc rsv hosp,hosp,2026-03-07,2026-02-28,2026-02-25,"March 07, 2026","February 25, 2026","February 28, 2026",RSVHub-ensemble
Ohio,2,1.2097379062501512,2.85243464210562,4.355056462500544,142.5,336,513,1.21,2.85,4.36,140,340,510,wk inc rsv hosp,hosp,2026-03-14,2026-02-28,2026-02-25,"March 14, 2026","February 25, 2026","February 28, 2026",RSVHub-ensemble
Oklahoma,0,NA,NA,NA,0.00663540774552999,0.010374920509530618,0.015620101689054111,NA,NA,NA,0.0066,0.01,0.016,wk inc rsv prop ed visits,prop_ed,2026-02-28,2026-02-28,2026-02-25,"February 28, 2026","February 25, 2026","February 28, 2026",RSVHub-ensemble
Oklahoma,1,NA,NA,NA,0.005555317686542273,0.010772432077248328,0.020436930404961067,NA,NA,NA,0.0056,0.011,0.02,wk inc rsv prop ed visits,prop_ed,2026-03-07,2026-02-28,2026-02-25,"March 07, 2026","February 25, 2026","February 28, 2026",RSVHub-ensemble
Oklahoma,2,NA,NA,NA,0.00303822573419836,0.0068973403513472,0.014430947144216109,NA,NA,NA,0.003,0.0069,0.014,wk inc rsv prop ed visits,prop_ed,2026-03-14,2026-02-28,2026-02-25,"March 14, 2026","February 25, 2026","February 28, 2026",RSVHub-ensemble
Oklahoma,0,1.003595846748684,2.025776801770492,3.326734380889156,40.5,81.75,134.25,1,2.03,3.33,40,80,130,wk inc rsv hosp,hosp,2026-02-28,2026-02-28,2026-02-25,"February 28, 2026","February 25, 2026","February 28, 2026",RSVHub-ensemble
Oklahoma,1,0.978815702384519,2.1372874514092346,3.698436546351632,39.5,86.25,149.25,0.98,2.14,3.7,40,90,150,wk inc rsv hosp,hosp,2026-03-07,2026-02-28,2026-02-25,"March 07, 2026","February 25, 2026","February 28, 2026",RSVHub-ensemble
Oklahoma,2,0.954035558020354,1.8585108273123776,2.8744967462431443,38.5,75,116,0.95,1.86,2.87,40,80,120,wk inc rsv hosp,hosp,2026-03-14,2026-02-28,2026-02-25,"March 14, 2026","February 25, 2026","February 28, 2026",RSVHub-ensemble
Oregon,0,NA,NA,NA,0.0040106351698450645,0.005992812987516373,0.008816253540893104,NA,NA,NA,0.004,0.006,0.0088,wk inc rsv prop ed visits,prop_ed,2026-02-28,2026-02-28,2026-02-25,"February 28, 2026","February 25, 2026","February 28, 2026",RSVHub-ensemble
Oregon,1,NA,NA,NA,0.0031186361247353975,0.005739833479027611,0.010109142819993812,NA,NA,NA,0.0031,0.0057,0.01,wk inc rsv prop ed visits,prop_ed,2026-03-07,2026-02-28,2026-02-25,"March 07, 2026","February 25, 2026","February 28, 2026",RSVHub-ensemble
Oregon,2,NA,NA,NA,0.0017397031481962916,0.003883732058668154,0.008637673469024469,NA,NA,NA,0.0017,0.0039,0.0086,wk inc rsv prop ed visits,prop_ed,2026-03-14,2026-02-28,2026-02-25,"March 14, 2026","February 25, 2026","February 28, 2026",RSVHub-ensemble
Oregon,0,1.299640661172101,2.067610142773797,3.024618266000526,55,87.5,128,1.3,2.07,3.02,60,90,130,wk inc rsv hosp,hosp,2026-02-28,2026-02-28,2026-02-25,"February 28, 2026","February 25, 2026","February 28, 2026",RSVHub-ensemble
Oregon,1,1.1578616799533263,2.103054888078491,3.237286737828688,49,89,137,1.16,2.1,3.24,50,90,140,wk inc rsv hosp,hosp,2026-03-07,2026-02-28,2026-02-25,"March 07, 2026","February 25, 2026","February 28, 2026",RSVHub-ensemble
Oregon,2,1.104694561996286,2.1798518362386603,3.224891688242671,46.75,92.25,136.4754490625,1.1,2.18,3.22,50,90,140,wk inc rsv hosp,hosp,2026-03-14,2026-02-28,2026-02-25,"March 14, 2026","February 25, 2026","February 28, 2026",RSVHub-ensemble
Pennsylvania,0,NA,NA,NA,0.0035568664751749516,0.00523024656272876,0.00752897702773696,NA,NA,NA,0.0036,0.0052,0.0075,wk inc rsv prop ed visits,prop_ed,2026-02-28,2026-02-28,2026-02-25,"February 28, 2026","February 25, 2026","February 28, 2026",RSVHub-ensemble
Pennsylvania,1,NA,NA,NA,0.002761787597629026,0.004888085108328419,0.00848593662549559,NA,NA,NA,0.0028,0.0049,0.0085,wk inc rsv prop ed visits,prop_ed,2026-03-07,2026-02-28,2026-02-25,"March 07, 2026","February 25, 2026","February 28, 2026",RSVHub-ensemble
Pennsylvania,2,NA,NA,NA,0.0015506338347085402,0.003741257373669247,0.008139857869265951,NA,NA,NA,0.0016,0.0037,0.0081,wk inc rsv prop ed visits,prop_ed,2026-03-14,2026-02-28,2026-02-25,"March 14, 2026","February 25, 2026","February 28, 2026",RSVHub-ensemble
Pennsylvania,0,1.7767652809337922,3.659634894605216,5.8031353328739845,230.25,474.25,752.0249999999999,1.78,3.66,5.8,230,470,750,wk inc rsv hosp,hosp,2026-02-28,2026-02-28,2026-02-25,"February 28, 2026","February 25, 2026","February 28, 2026",RSVHub-ensemble
Pennsylvania,1,1.520185712677338,3.4532137381883694,6.435710072958882,197,447.5,834,1.52,3.45,6.44,200,450,830,wk inc rsv hosp,hosp,2026-03-07,2026-02-28,2026-02-25,"March 07, 2026","February 25, 2026","February 28, 2026",RSVHub-ensemble
Pennsylvania,2,1.003168236792152,2.623670773148705,5.926409275818251,130,340,768,1,2.62,5.93,130,340,770,wk inc rsv hosp,hosp,2026-03-14,2026-02-28,2026-02-25,"March 14, 2026","February 25, 2026","February 28, 2026",RSVHub-ensemble
Puerto Rico,0,0.45649954928277836,1.2781987379917794,2.4955308694125216,15,42,82,0.46,1.28,2.5,20,40,80,wk inc rsv hosp,hosp,2026-02-28,2026-02-28,2026-02-25,"February 28, 2026","February 25, 2026","February 28, 2026",RSVHub-ensemble
Puerto Rico,1,0.3347663361407041,1.095598918278668,3.0433303285518556,11,36,100,0.33,1.1,3.04,10,40,100,wk inc rsv hosp,hosp,2026-03-07,2026-02-28,2026-02-25,"March 07, 2026","February 25, 2026","February 28, 2026",RSVHub-ensemble
Puerto Rico,2,0.273899729569667,0.9129990985655567,3.104196935122893,9,30,102,0.27,0.91,3.1,9,30,100,wk inc rsv hosp,hosp,2026-03-14,2026-02-28,2026-02-25,"March 14, 2026","February 25, 2026","February 28, 2026",RSVHub-ensemble
Rhode Island,0,NA,NA,NA,0.0030059042937283864,0.005291401006388086,0.008558806875624035,NA,NA,NA,0.003,0.0053,0.0086,wk inc rsv prop ed visits,prop_ed,2026-02-28,2026-02-28,2026-02-25,"February 28, 2026","February 25, 2026","February 28, 2026",RSVHub-ensemble
Rhode Island,1,NA,NA,NA,0.0023950187700550003,0.0050400112490444305,0.010249344807936796,NA,NA,NA,0.0024,0.005,0.01,wk inc rsv prop ed visits,prop_ed,2026-03-07,2026-02-28,2026-02-25,"March 07, 2026","February 25, 2026","February 28, 2026",RSVHub-ensemble
Rhode Island,2,NA,NA,NA,0.0016336975659702812,0.003944125811700718,0.008799009096345874,NA,NA,NA,0.0016,0.0039,0.0088,wk inc rsv prop ed visits,prop_ed,2026-03-14,2026-02-28,2026-02-25,"March 14, 2026","February 25, 2026","February 28, 2026",RSVHub-ensemble
Rhode Island,0,1.510432972477165,2.8148978123438075,5.0805472710595545,16.5,30.75,55.5,1.51,2.81,5.08,20,30,60,wk inc rsv hosp,hosp,2026-02-28,2026-02-28,2026-02-25,"February 28, 2026","February 25, 2026","February 28, 2026",RSVHub-ensemble
Rhode Island,1,1.3502355360023142,2.7233564200724643,5.812878409230302,14.75,29.75,63.5,1.35,2.72,5.81,10,30,60,wk inc rsv hosp,hosp,2026-03-07,2026-02-28,2026-02-25,"March 07, 2026","February 25, 2026","February 28, 2026",RSVHub-ensemble
Rhode Island,2,1.0527260111204484,2.105452022240897,5.309400751737913,11.5,23,58,1.05,2.11,5.31,10,20,60,wk inc rsv hosp,hosp,2026-03-14,2026-02-28,2026-02-25,"March 14, 2026","February 25, 2026","February 28, 2026",RSVHub-ensemble
South Carolina,0,NA,NA,NA,0.0017305945027037252,0.0029418612930600073,0.004738299176279673,NA,NA,NA,0.0017,0.0029,0.0047,wk inc rsv prop ed visits,prop_ed,2026-02-28,2026-02-28,2026-02-25,"February 28, 2026","February 25, 2026","February 28, 2026",RSVHub-ensemble
South Carolina,1,NA,NA,NA,0.0013536979866992324,0.0029522369035899208,0.006150014887063583,NA,NA,NA,0.0014,0.003,0.0062,wk inc rsv prop ed visits,prop_ed,2026-03-07,2026-02-28,2026-02-25,"March 07, 2026","February 25, 2026","February 28, 2026",RSVHub-ensemble
South Carolina,2,NA,NA,NA,8.538388133549576e-4,0.0021935001949251586,0.004862381347579436,NA,NA,NA,8.5e-4,0.0022,0.0049,wk inc rsv prop ed visits,prop_ed,2026-03-14,2026-02-28,2026-02-25,"March 14, 2026","February 25, 2026","February 28, 2026",RSVHub-ensemble
South Carolina,0,0.6232048887752646,1.2042380181597219,2.0807077508320004,33.25,64.25,111.01249999999993,0.62,1.2,2.08,30,60,110,wk inc rsv hosp,hosp,2026-02-28,2026-02-28,2026-02-25,"February 28, 2026","February 25, 2026","February 28, 2026",RSVHub-ensemble
South Carolina,1,0.5154326147765347,1.0496082337267616,2.436590542579982,27.5,56,130,0.52,1.05,2.44,30,60,130,wk inc rsv hosp,hosp,2026-03-07,2026-02-28,2026-02-25,"March 07, 2026","February 25, 2026","February 28, 2026",RSVHub-ensemble
South Carolina,2,0.2811450626053825,0.8059491794687632,1.9680154382376778,15,43,105,0.28,0.81,1.97,20,40,110,wk inc rsv hosp,hosp,2026-03-14,2026-02-28,2026-02-25,"March 14, 2026","February 25, 2026","February 28, 2026",RSVHub-ensemble
South Dakota,0,NA,NA,NA,0.006965016280073819,0.010943256258545631,0.016727466734286878,NA,NA,NA,0.007,0.011,0.017,wk inc rsv prop ed visits,prop_ed,2026-02-28,2026-02-28,2026-02-25,"February 28, 2026","February 25, 2026","February 28, 2026",RSVHub-ensemble
South Dakota,1,NA,NA,NA,0.0057053492401093475,0.01090976889665255,0.01961376138939591,NA,NA,NA,0.0057,0.011,0.02,wk inc rsv prop ed visits,prop_ed,2026-03-07,2026-02-28,2026-02-25,"March 07, 2026","February 25, 2026","February 28, 2026",RSVHub-ensemble
South Dakota,2,NA,NA,NA,0.003057530273368185,0.006786634586605668,0.014599917175972699,NA,NA,NA,0.0031,0.0068,0.015,wk inc rsv prop ed visits,prop_ed,2026-03-14,2026-02-28,2026-02-25,"March 14, 2026","February 25, 2026","February 28, 2026",RSVHub-ensemble
South Dakota,0,1.774005847123272,3.2750877177660405,5.130970757833464,16.25,30,47,1.77,3.28,5.13,20,30,50,wk inc rsv hosp,hosp,2026-02-28,2026-02-28,2026-02-25,"February 28, 2026","February 25, 2026","February 28, 2026",RSVHub-ensemble
South Dakota,1,1.6648362565310708,3.3296725130621416,5.458479529610068,15.25,30.5,50,1.66,3.33,5.46,20,30,50,wk inc rsv hosp,hosp,2026-03-07,2026-02-28,2026-02-25,"March 07, 2026","February 25, 2026","February 28, 2026",RSVHub-ensemble
South Dakota,2,1.528374268290819,3.2750877177660405,4.858046781352961,14,30,44.5,1.53,3.28,4.86,10,30,40,wk inc rsv hosp,hosp,2026-03-14,2026-02-28,2026-02-25,"March 14, 2026","February 25, 2026","February 28, 2026",RSVHub-ensemble
Tennessee,0,NA,NA,NA,0.0033898563206410295,0.005068364365073905,0.00748469365594977,NA,NA,NA,0.0034,0.0051,0.0075,wk inc rsv prop ed visits,prop_ed,2026-02-28,2026-02-28,2026-02-25,"February 28, 2026","February 25, 2026","February 28, 2026",RSVHub-ensemble
Tennessee,1,NA,NA,NA,0.0025711026534605665,0.0047807397038196284,0.008818108050650815,NA,NA,NA,0.0026,0.0048,0.0088,wk inc rsv prop ed visits,prop_ed,2026-03-07,2026-02-28,2026-02-25,"March 07, 2026","February 25, 2026","February 28, 2026",RSVHub-ensemble
Tennessee,2,NA,NA,NA,0.0016312923215584373,0.0038679340951708737,0.008419377951613433,NA,NA,NA,0.0016,0.0039,0.0084,wk inc rsv prop ed visits,prop_ed,2026-03-14,2026-02-28,2026-02-25,"March 14, 2026","February 25, 2026","February 28, 2026",RSVHub-ensemble
Tennessee,0,1.0482907443525622,2.0402974218942487,2.8328682276020722,74.5,145,201.3264775,1.05,2.04,2.83,70,150,200,wk inc rsv hosp,hosp,2026-02-28,2026-02-28,2026-02-25,"February 28, 2026","February 25, 2026","February 28, 2026",RSVHub-ensemble
Tennessee,1,0.9083747279193035,1.913658271569778,3.1237657080036088,64.55643875000001,136,222,0.91,1.91,3.12,60,140,220,wk inc rsv hosp,hosp,2026-03-07,2026-02-28,2026-02-25,"March 07, 2026","February 25, 2026","February 28, 2026",RSVHub-ensemble
Tennessee,2,0.7712053827408004,1.695557512677634,2.8775229157060265,54.808078124999994,120.5,204.5,0.77,1.7,2.88,50,120,200,wk inc rsv hosp,hosp,2026-03-14,2026-02-28,2026-02-25,"March 14, 2026","February 25, 2026","February 28, 2026",RSVHub-ensemble
Texas,0,NA,NA,NA,0.0035499916149353446,0.005159144579022548,0.007510878299888359,NA,NA,NA,0.0035,0.0052,0.0075,wk inc rsv prop ed visits,prop_ed,2026-02-28,2026-02-28,2026-02-25,"February 28, 2026","February 25, 2026","February 28, 2026",RSVHub-ensemble
Texas,1,NA,NA,NA,0.002754722629960798,0.004985760335320878,0.00900338645984589,NA,NA,NA,0.0028,0.005,0.009,wk inc rsv prop ed visits,prop_ed,2026-03-07,2026-02-28,2026-02-25,"March 07, 2026","February 25, 2026","February 28, 2026",RSVHub-ensemble
Texas,2,NA,NA,NA,0.0016594002783690619,0.0038349737312095887,0.008361152866427775,NA,NA,NA,0.0017,0.0038,0.0084,wk inc rsv prop ed visits,prop_ed,2026-03-14,2026-02-28,2026-02-25,"March 14, 2026","February 25, 2026","February 28, 2026",RSVHub-ensemble
Texas,0,0.739525375739764,1.52182641281264,2.253948308706288,224.75,462.5,685,0.74,1.52,2.25,220,460,690,wk inc rsv hosp,hosp,2026-02-28,2026-02-28,2026-02-25,"February 28, 2026","February 25, 2026","February 28, 2026",RSVHub-ensemble
Texas,1,0.6260053514326589,1.3918542110697225,2.364177897526231,190.25,423,718.5,0.63,1.39,2.36,190,420,720,wk inc rsv hosp,hosp,2026-03-07,2026-02-28,2026-02-25,"March 07, 2026","February 25, 2026","February 28, 2026",RSVHub-ensemble
Texas,2,0.4985009763051134,1.0430680494305014,1.9018717115799044,151.5,317,578,0.5,1.04,1.9,150,320,580,wk inc rsv hosp,hosp,2026-03-14,2026-02-28,2026-02-25,"March 14, 2026","February 25, 2026","February 28, 2026",RSVHub-ensemble
Utah,0,NA,NA,NA,0.007891483731546307,0.011238189095258545,0.015731328325404265,NA,NA,NA,0.0079,0.011,0.016,wk inc rsv prop ed visits,prop_ed,2026-02-28,2026-02-28,2026-02-25,"February 28, 2026","February 25, 2026","February 28, 2026",RSVHub-ensemble
Utah,1,NA,NA,NA,0.006948823066206749,0.011809554790178185,0.01936678793118115,NA,NA,NA,0.0069,0.012,0.019,wk inc rsv prop ed visits,prop_ed,2026-03-07,2026-02-28,2026-02-25,"March 07, 2026","February 25, 2026","February 28, 2026",RSVHub-ensemble
Utah,2,NA,NA,NA,0.0029957363497642316,0.006585915565897963,0.013863844516382355,NA,NA,NA,0.003,0.0066,0.014,wk inc rsv prop ed visits,prop_ed,2026-03-14,2026-02-28,2026-02-25,"March 14, 2026","February 25, 2026","February 28, 2026",RSVHub-ensemble
Utah,0,1.0254027415753644,1.7895747358196323,2.651398517502013,35,61.0834291875,90.5,1.03,1.79,2.65,40,60,90,wk inc rsv hosp,hosp,2026-02-28,2026-02-28,2026-02-25,"February 28, 2026","February 25, 2026","February 28, 2026",RSVHub-ensemble
Utah,1,0.8789166356360265,1.9922110407749936,2.680695738689881,30,68,91.5,0.88,1.99,2.68,30,70,90,wk inc rsv hosp,hosp,2026-03-07,2026-02-28,2026-02-25,"March 07, 2026","February 25, 2026","February 28, 2026",RSVHub-ensemble
Utah,2,0.7324305296966889,1.8530492401326226,2.7340182331138005,25,63.25,93.32005296959704,0.73,1.85,2.73,30,60,90,wk inc rsv hosp,hosp,2026-03-14,2026-02-28,2026-02-25,"March 14, 2026","February 25, 2026","February 28, 2026",RSVHub-ensemble
Vermont,0,NA,NA,NA,0.0055544907195476355,0.009283295547929657,0.014542687928898984,NA,NA,NA,0.0056,0.0093,0.015,wk inc rsv prop ed visits,prop_ed,2026-02-28,2026-02-28,2026-02-25,"February 28, 2026","February 25, 2026","February 28, 2026",RSVHub-ensemble
Vermont,1,NA,NA,NA,0.004690163643879697,0.00922936867374782,0.017236427389328846,NA,NA,NA,0.0047,0.0092,0.017,wk inc rsv prop ed visits,prop_ed,2026-03-07,2026-02-28,2026-02-25,"March 07, 2026","February 25, 2026","February 28, 2026",RSVHub-ensemble
Vermont,2,NA,NA,NA,0.0029371346682554394,0.0065643217947405075,0.014013805584507023,NA,NA,NA,0.0029,0.0066,0.014,wk inc rsv prop ed visits,prop_ed,2026-03-14,2026-02-28,2026-02-25,"March 14, 2026","February 25, 2026","February 28, 2026",RSVHub-ensemble
Vermont,0,0.5406950248333501,1.1972532692738467,2.4331276117500753,3.5,7.75,15.75,0.54,1.2,2.43,4,8,20,wk inc rsv hosp,hosp,2026-02-28,2026-02-28,2026-02-25,"February 28, 2026","February 25, 2026","February 28, 2026",RSVHub-ensemble
Vermont,1,0.4634528784285858,1.2744954156786108,2.6648540509643683,3,8.25,17.25,0.46,1.27,2.66,3,8,20,wk inc rsv hosp,hosp,2026-03-07,2026-02-28,2026-02-25,"March 07, 2026","February 25, 2026","February 28, 2026",RSVHub-ensemble
Vermont,2,0.3089685856190572,1.0813900496667002,2.3945065385476934,2,7,15.5,0.31,1.08,2.39,2,7,20,wk inc rsv hosp,hosp,2026-03-14,2026-02-28,2026-02-25,"March 14, 2026","February 25, 2026","February 28, 2026",RSVHub-ensemble
Virginia,0,NA,NA,NA,0.002117947268960869,0.0033165100417458107,0.00506400089730011,NA,NA,NA,0.0021,0.0033,0.0051,wk inc rsv prop ed visits,prop_ed,2026-02-28,2026-02-28,2026-02-25,"February 28, 2026","February 25, 2026","February 28, 2026",RSVHub-ensemble
Virginia,1,NA,NA,NA,0.0016608481010234478,0.00313651105296703,0.005947867600495964,NA,NA,NA,0.0017,0.0031,0.0059,wk inc rsv prop ed visits,prop_ed,2026-03-07,2026-02-28,2026-02-25,"March 07, 2026","February 25, 2026","February 28, 2026",RSVHub-ensemble
Virginia,2,NA,NA,NA,0.001077737205322968,0.0026725342308764454,0.005852754552615689,NA,NA,NA,0.0011,0.0027,0.0059,wk inc rsv prop ed visits,prop_ed,2026-03-14,2026-02-28,2026-02-25,"March 14, 2026","February 25, 2026","February 28, 2026",RSVHub-ensemble
Virginia,0,0.6035297203568254,1.1200118848929548,1.9092430576672648,52,96.5,164.5,0.6,1.12,1.91,50,100,160,wk inc rsv hosp,hosp,2026-02-28,2026-02-28,2026-02-25,"February 28, 2026","February 25, 2026","February 28, 2026",RSVHub-ensemble
Virginia,1,0.48746631259589734,1.050373840236398,1.9440620799955433,42,90.5,167.5,0.49,1.05,1.94,40,90,170,wk inc rsv hosp,hosp,2026-03-07,2026-02-28,2026-02-25,"March 07, 2026","February 25, 2026","February 28, 2026",RSVHub-ensemble
Virginia,2,0.3830092456110622,0.9169009213113307,1.8454081833987543,33,79,159,0.38,0.92,1.85,30,80,160,wk inc rsv hosp,hosp,2026-03-14,2026-02-28,2026-02-25,"March 14, 2026","February 25, 2026","February 28, 2026",RSVHub-ensemble
Washington,0,NA,NA,NA,0.005059361222718127,0.007212516127612475,0.010271845015901677,NA,NA,NA,0.0051,0.0072,0.01,wk inc rsv prop ed visits,prop_ed,2026-02-28,2026-02-28,2026-02-25,"February 28, 2026","February 25, 2026","February 28, 2026",RSVHub-ensemble
Washington,1,NA,NA,NA,0.00399339918483109,0.006846253277393594,0.011942790660091874,NA,NA,NA,0.004,0.0068,0.012,wk inc rsv prop ed visits,prop_ed,2026-03-07,2026-02-28,2026-02-25,"March 07, 2026","February 25, 2026","February 28, 2026",RSVHub-ensemble
Washington,2,NA,NA,NA,0.002150956539584332,0.004943597132519793,0.01034848011133328,NA,NA,NA,0.0022,0.0049,0.01,wk inc rsv prop ed visits,prop_ed,2026-03-14,2026-02-28,2026-02-25,"March 14, 2026","February 25, 2026","February 28, 2026",RSVHub-ensemble
Washington,0,0.6472111766994703,1.0883451628080645,1.6453975686240263,50.25,84.5,127.75,0.65,1.09,1.65,50,80,130,wk inc rsv hosp,hosp,2026-02-28,2026-02-28,2026-02-25,"February 28, 2026","February 25, 2026","February 28, 2026",RSVHub-ensemble
Washington,1,0.5892519668457864,1.0464857334692927,1.8321550225970078,45.75,81.25,142.25,0.59,1.05,1.83,50,80,140,wk inc rsv hosp,hosp,2026-03-07,2026-02-28,2026-02-25,"March 07, 2026","February 25, 2026","February 28, 2026",RSVHub-ensemble
Washington,2,0.46367367882947125,0.8243087623635045,1.59709822707929,36,64,124,0.46,0.82,1.6,40,60,120,wk inc rsv hosp,hosp,2026-03-14,2026-02-28,2026-02-25,"March 14, 2026","February 25, 2026","February 28, 2026",RSVHub-ensemble
West Virginia,0,NA,NA,NA,0.00780311094787468,0.011532240924917357,0.016912783088956742,NA,NA,NA,0.0078,0.012,0.017,wk inc rsv prop ed visits,prop_ed,2026-02-28,2026-02-28,2026-02-25,"February 28, 2026","February 25, 2026","February 28, 2026",RSVHub-ensemble
West Virginia,1,NA,NA,NA,0.007147172766632778,0.013765540808753467,0.026333117482308814,NA,NA,NA,0.0071,0.014,0.026,wk inc rsv prop ed visits,prop_ed,2026-03-07,2026-02-28,2026-02-25,"March 07, 2026","February 25, 2026","February 28, 2026",RSVHub-ensemble
West Virginia,2,NA,NA,NA,0.0025337649219305787,0.0058830995914875735,0.01230508477309391,NA,NA,NA,0.0025,0.0059,0.012,wk inc rsv prop ed visits,prop_ed,2026-03-14,2026-02-28,2026-02-25,"March 14, 2026","February 25, 2026","February 28, 2026",RSVHub-ensemble
West Virginia,0,1.9492835959027754,3.6160623228341344,6.003228465642605,34.5,64,106.25,1.95,3.62,6,30,60,110,wk inc rsv hosp,hosp,2026-02-28,2026-02-28,2026-02-25,"February 28, 2026","February 25, 2026","February 28, 2026",RSVHub-ensemble
West Virginia,1,1.7656554310713546,3.5171856186941386,6.356359551856876,31.25,62.25,112.5,1.77,3.52,6.36,30,60,110,wk inc rsv hosp,hosp,2026-03-07,2026-02-28,2026-02-25,"March 07, 2026","February 25, 2026","February 28, 2026",RSVHub-ensemble
West Virginia,2,1.130019475885667,3.277056480068434,4.943835206999792,20,58,87.5,1.13,3.28,4.94,20,60,90,wk inc rsv hosp,hosp,2026-03-14,2026-02-28,2026-02-25,"March 14, 2026","February 25, 2026","February 28, 2026",RSVHub-ensemble
Wisconsin,0,NA,NA,NA,0.005435700704304409,0.007752059337874586,0.011113995934749193,NA,NA,NA,0.0054,0.0078,0.011,wk inc rsv prop ed visits,prop_ed,2026-02-28,2026-02-28,2026-02-25,"February 28, 2026","February 25, 2026","February 28, 2026",RSVHub-ensemble
Wisconsin,1,NA,NA,NA,0.004543016912480425,0.007927837393573941,0.01328971086361183,NA,NA,NA,0.0045,0.0079,0.013,wk inc rsv prop ed visits,prop_ed,2026-03-07,2026-02-28,2026-02-25,"March 07, 2026","February 25, 2026","February 28, 2026",RSVHub-ensemble
Wisconsin,2,NA,NA,NA,0.002159077530510991,0.004856827136489452,0.01036334700045098,NA,NA,NA,0.0022,0.0049,0.01,wk inc rsv prop ed visits,prop_ed,2026-03-14,2026-02-28,2026-02-25,"March 14, 2026","February 25, 2026","February 28, 2026",RSVHub-ensemble
Wisconsin,0,1.5314122260506589,2.4959481032317368,3.388566831675629,90.5,147.5,200.25,1.53,2.5,3.39,90,150,200,wk inc rsv hosp,hosp,2026-02-28,2026-02-28,2026-02-25,"February 28, 2026","February 25, 2026","February 28, 2026",RSVHub-ensemble
Wisconsin,1,1.4256517132018562,2.4832568416898804,3.490096924010479,84.25,146.75,206.25,1.43,2.48,3.49,80,150,210,wk inc rsv hosp,hosp,2026-03-07,2026-02-28,2026-02-25,"March 07, 2026","February 25, 2026","February 28, 2026",RSVHub-ensemble
Wisconsin,2,1.1252918567112575,2.335192123701557,3.342032206022156,66.5,138,197.5,1.13,2.34,3.34,70,140,200,wk inc rsv hosp,hosp,2026-03-14,2026-02-28,2026-02-25,"March 14, 2026","February 25, 2026","February 28, 2026",RSVHub-ensemble
Wyoming,0,1.9783380584074208,4.386749607772976,7.741322837246429,11.5,25.5,45,1.98,4.39,7.74,10,30,50,wk inc rsv hosp,hosp,2026-02-28,2026-02-28,2026-02-25,"February 28, 2026","February 25, 2026","February 28, 2026",RSVHub-ensemble
Wyoming,1,2.236382152982302,4.300734909581349,8.085381630012938,13,25,47,2.24,4.3,8.09,10,30,50,wk inc rsv hosp,hosp,2026-03-07,2026-02-28,2026-02-25,"March 07, 2026","February 25, 2026","February 28, 2026",RSVHub-ensemble
Wyoming,2,2.0643527565990474,4.386749607772976,7.311249346288294,12,25.5,42.5,2.06,4.39,7.31,10,30,40,wk inc rsv hosp,hosp,2026-03-14,2026-02-28,2026-02-25,"March 14, 2026","February 25, 2026","February 28, 2026",RSVHub-ensemble
